{"level":"error","message":"Redis error: getaddrinfo ENOTFOUND redis","timestamp":"2026-07-27T09:08:17.759Z"}
{"level":"error","message":"Redis error: getaddrinfo ENOTFOUND redis","timestamp":"2026-07-27T09:08:17.759Z"}
{"level":"error","message":"Redis error: getaddrinfo ENOTFOUND redis","timestamp":"2026-07-27T09:08:17.758Z"}
{"level":"error","message":"Redis error: getaddrinfo ENOTFOUND redis","timestamp":"2026-07-27T09:08:17.759Z"}
{"level":"error","message":"Redis error: getaddrinfo ENOTFOUND redis","timestamp":"2026-07-27T09:08:17.759Z"}
{"level":"error","message":"Redis error: getaddrinfo ENOTFOUND redis","timestamp":"2026-07-27T09:08:17.758Z"}
{"level":"error","message":"Redis error: getaddrinfo ENOTFOUND redis","timestamp":"2026-07-27T09:08:17.759Z"}
{"level":"error","message":"Redis error: getaddrinfo ENOTFOUND redis","timestamp":"2026-07-27T09:08:24.586Z"}
{"level":"error","message":"Redis error: getaddrinfo ENOTFOUND redis","timestamp":"2026-07-27T09:11:34.451Z"}
{"level":"error","message":"Redis error: getaddrinfo ENOTFOUND redis","timestamp":"2026-07-27T09:11:34.459Z"}
{"level":"error","message":"Redis error: getaddrinfo ENOTFOUND redis","timestamp":"2026-07-27T09:11:34.458Z"}
{"level":"error","message":"Redis error: getaddrinfo ENOTFOUND redis","timestamp":"2026-07-27T09:11:34.459Z"}
{"level":"error","message":"Redis error: getaddrinfo ENOTFOUND redis","timestamp":"2026-07-27T09:11:34.459Z"}
{"level":"error","message":"Redis error: getaddrinfo ENOTFOUND redis","timestamp":"2026-07-27T09:11:34.466Z"}
{"level":"error","message":"Redis error: getaddrinfo ENOTFOUND redis","timestamp":"2026-07-27T09:11:34.466Z"}
{"level":"warn","message":"Redis connection closed","timestamp":"2026-07-27T09:11:34.463Z"}
{"level":"warn","message":"Redis unavailable at startup: Connection is closed.","timestamp":"2026-07-27T09:11:34.464Z"}
{"level":"info","message":"API listening on http://0.0.0.0:8080 (env=development)","timestamp":"2026-07-27T09:11:34.469Z"}
{"level":"info","message":"Swagger UI:      http://0.0.0.0:8080/api/docs","timestamp":"2026-07-27T09:11:34.470Z"}
{"level":"warn","message":"Redis connection closed","timestamp":"2026-07-27T09:11:34.463Z"}
{"level":"warn","message":"Redis unavailable at startup: Connection is closed.","timestamp":"2026-07-27T09:11:34.464Z"}
{"level":"error","message":"Uncaught Exception: Error: listen EADDRINUSE: address already in use 0.0.0.0:8080\n    at Server.setupListenHandle [as _listen2] (node:net:1907:16)\n    at listenInCluster (node:net:1964:12)\n    at node:net:2170:7\n    at process.processTicksAndRejections (node:internal/process/task_queues:90:21)","timestamp":"2026-07-27T09:11:34.469Z"}
{"level":"info","message":"Received uncaughtException. Shutting down gracefully...","timestamp":"2026-07-27T09:11:34.470Z"}
{"level":"warn","message":"Redis connection closed","timestamp":"2026-07-27T09:11:34.462Z"}
{"level":"warn","message":"Redis unavailable at startup: Connection is closed.","timestamp":"2026-07-27T09:11:34.463Z"}
{"level":"warn","message":"Redis connection closed","timestamp":"2026-07-27T09:11:34.463Z"}
{"level":"error","message":"Uncaught Exception: Error: listen EADDRINUSE: address already in use 0.0.0.0:8080\n    at Server.setupListenHandle [as _listen2] (node:net:1907:16)\n    at listenInCluster (node:net:1964:12)\n    at node:net:2170:7\n    at process.processTicksAndRejections (node:internal/process/task_queues:90:21)","timestamp":"2026-07-27T09:11:34.468Z"}
{"level":"warn","message":"Redis unavailable at startup: Connection is closed.","timestamp":"2026-07-27T09:11:34.464Z"}
{"level":"info","message":"Received uncaughtException. Shutting down gracefully...","timestamp":"2026-07-27T09:11:34.469Z"}
{"level":"warn","message":"Redis connection closed","timestamp":"2026-07-27T09:11:34.455Z"}
{"level":"error","message":"Uncaught Exception: Error: listen EADDRINUSE: address already in use 0.0.0.0:8080\n    at Server.setupListenHandle [as _listen2] (node:net:1907:16)\n    at listenInCluster (node:net:1964:12)\n    at node:net:2170:7\n    at process.processTicksAndRejections (node:internal/process/task_queues:90:21)","timestamp":"2026-07-27T09:11:34.469Z"}
{"level":"warn","message":"Redis unavailable at startup: Connection is closed.","timestamp":"2026-07-27T09:11:34.455Z"}
{"level":"info","message":"Received uncaughtException. Shutting down gracefully...","timestamp":"2026-07-27T09:11:34.470Z"}
{"level":"error","message":"Uncaught Exception: Error: listen EADDRINUSE: address already in use 0.0.0.0:8080\n    at Server.setupListenHandle [as _listen2] (node:net:1907:16)\n    at listenInCluster (node:net:1964:12)\n    at node:net:2170:7\n    at process.processTicksAndRejections (node:internal/process/task_queues:90:21)","timestamp":"2026-07-27T09:11:34.469Z"}
{"level":"info","message":"Received uncaughtException. Shutting down gracefully...","timestamp":"2026-07-27T09:11:34.470Z"}
{"level":"warn","message":"Redis connection closed","timestamp":"2026-07-27T09:11:34.471Z"}
{"level":"warn","message":"Redis unavailable at startup: Connection is closed.","timestamp":"2026-07-27T09:11:34.472Z"}
{"level":"error","message":"Uncaught Exception: Error: listen EADDRINUSE: address already in use 0.0.0.0:8080\n    at Server.setupListenHandle [as _listen2] (node:net:1907:16)\n    at listenInCluster (node:net:1964:12)\n    at node:net:2170:7\n    at process.processTicksAndRejections (node:internal/process/task_queues:90:21)","timestamp":"2026-07-27T09:11:34.475Z"}
{"level":"info","message":"Received uncaughtException. Shutting down gracefully...","timestamp":"2026-07-27T09:11:34.476Z"}
{"level":"warn","message":"Redis connection closed","timestamp":"2026-07-27T09:11:34.471Z"}
{"level":"warn","message":"Redis unavailable at startup: Connection is closed.","timestamp":"2026-07-27T09:11:34.471Z"}
{"level":"error","message":"Uncaught Exception: Error: listen EADDRINUSE: address already in use 0.0.0.0:8080\n    at Server.setupListenHandle [as _listen2] (node:net:1907:16)\n    at listenInCluster (node:net:1964:12)\n    at node:net:2170:7\n    at process.processTicksAndRejections (node:internal/process/task_queues:90:21)","timestamp":"2026-07-27T09:11:34.475Z"}
{"level":"info","message":"Received uncaughtException. Shutting down gracefully...","timestamp":"2026-07-27T09:11:34.476Z"}
{"level":"error","message":"Redis error: getaddrinfo ENOTFOUND redis","timestamp":"2026-07-27T09:11:34.500Z"}
{"level":"warn","message":"Redis connection closed","timestamp":"2026-07-27T09:11:34.504Z"}
{"level":"warn","message":"Redis unavailable at startup: Connection is closed.","timestamp":"2026-07-27T09:11:34.504Z"}
{"level":"error","message":"Uncaught Exception: Error: listen EADDRINUSE: address already in use 0.0.0.0:8080\n    at Server.setupListenHandle [as _listen2] (node:net:1907:16)\n    at listenInCluster (node:net:1964:12)\n    at node:net:2170:7\n    at process.processTicksAndRejections (node:internal/process/task_queues:90:21)","timestamp":"2026-07-27T09:11:34.507Z"}
{"level":"info","message":"Received uncaughtException. Shutting down gracefully...","timestamp":"2026-07-27T09:11:34.507Z"}
{"level":"error","message":"Redis error: getaddrinfo ENOTFOUND redis","timestamp":"2026-07-27T09:11:36.783Z"}
{"level":"warn","message":"Redis connection closed","timestamp":"2026-07-27T09:11:36.784Z"}
{"level":"error","message":"Redis error: getaddrinfo ENOTFOUND redis","timestamp":"2026-07-27T09:11:39.165Z"}
{"level":"warn","message":"Redis connection closed","timestamp":"2026-07-27T09:11:39.167Z"}
{"level":"error","message":"Redis error: getaddrinfo ENOTFOUND redis","timestamp":"2026-07-27T09:11:41.599Z"}
{"level":"warn","message":"Redis connection closed","timestamp":"2026-07-27T09:11:41.601Z"}
{"level":"error","message":"Redis error: getaddrinfo ENOTFOUND redis","timestamp":"2026-07-27T09:11:44.099Z"}
{"level":"warn","message":"Redis connection closed","timestamp":"2026-07-27T09:11:44.100Z"}
{"level":"error","message":"Redis error: getaddrinfo ENOTFOUND redis","timestamp":"2026-07-27T09:11:46.619Z"}
{"level":"warn","message":"Redis connection closed","timestamp":"2026-07-27T09:11:46.619Z"}
{"level":"error","message":"Redis error: getaddrinfo ENOTFOUND redis","timestamp":"2026-07-27T09:11:49.198Z"}
{"level":"warn","message":"Redis connection closed","timestamp":"2026-07-27T09:11:49.199Z"}
{"level":"error","message":"Redis error: getaddrinfo ENOTFOUND redis","timestamp":"2026-07-27T09:11:51.832Z"}
{"level":"warn","message":"Redis connection closed","timestamp":"2026-07-27T09:11:51.833Z"}
{"level":"error","message":"Redis error: getaddrinfo ENOTFOUND redis","timestamp":"2026-07-27T09:11:54.532Z"}
{"level":"warn","message":"Redis connection closed","timestamp":"2026-07-27T09:11:54.533Z"}
{"level":"error","message":"Redis error: getaddrinfo ENOTFOUND redis","timestamp":"2026-07-27T09:11:57.265Z"}
{"level":"warn","message":"Redis connection closed","timestamp":"2026-07-27T09:11:57.266Z"}
{"level":"error","message":"Redis error: getaddrinfo ENOTFOUND redis","timestamp":"2026-07-27T09:12:00.047Z"}
{"level":"warn","message":"Redis connection closed","timestamp":"2026-07-27T09:12:00.048Z"}
{"level":"error","message":"Redis error: getaddrinfo ENOTFOUND redis","timestamp":"2026-07-27T09:12:02.881Z"}
{"level":"warn","message":"Redis connection closed","timestamp":"2026-07-27T09:12:02.882Z"}
{"level":"error","message":"Redis error: getaddrinfo ENOTFOUND redis","timestamp":"2026-07-27T09:12:05.764Z"}
{"level":"warn","message":"Redis connection closed","timestamp":"2026-07-27T09:12:05.765Z"}
{"level":"error","message":"Redis error: getaddrinfo ENOTFOUND redis","timestamp":"2026-07-27T09:12:08.681Z"}
{"level":"warn","message":"Redis connection closed","timestamp":"2026-07-27T09:12:08.682Z"}
{"level":"error","message":"Redis error: getaddrinfo ENOTFOUND redis","timestamp":"2026-07-27T09:12:11.681Z"}
{"level":"warn","message":"Redis connection closed","timestamp":"2026-07-27T09:12:11.681Z"}
{"level":"error","message":"Redis error: getaddrinfo ENOTFOUND redis","timestamp":"2026-07-27T09:12:14.699Z"}
{"level":"warn","message":"Redis connection closed","timestamp":"2026-07-27T09:12:14.700Z"}
{"level":"error","message":"Redis error: getaddrinfo ENOTFOUND redis","timestamp":"2026-07-27T09:12:17.781Z"}
{"level":"warn","message":"Redis connection closed","timestamp":"2026-07-27T09:12:17.782Z"}
{"level":"error","message":"Redis error: getaddrinfo ENOTFOUND redis","timestamp":"2026-07-27T09:12:20.899Z"}
{"level":"warn","message":"Redis connection closed","timestamp":"2026-07-27T09:12:20.900Z"}
{"level":"error","message":"Redis error: getaddrinfo ENOTFOUND redis","timestamp":"2026-07-27T09:12:24.096Z"}
{"level":"warn","message":"Redis connection closed","timestamp":"2026-07-27T09:12:24.097Z"}
{"level":"error","message":"Redis error: getaddrinfo ENOTFOUND redis","timestamp":"2026-07-27T09:12:27.330Z"}
{"level":"warn","message":"Redis connection closed","timestamp":"2026-07-27T09:12:27.331Z"}
{"level":"error","message":"Redis error: getaddrinfo ENOTFOUND redis","timestamp":"2026-07-27T09:12:30.613Z"}
{"level":"warn","message":"Redis connection closed","timestamp":"2026-07-27T09:12:30.614Z"}
{"level":"error","message":"Redis error: getaddrinfo ENOTFOUND redis","timestamp":"2026-07-27T09:12:33.948Z"}
{"level":"warn","message":"Redis connection closed","timestamp":"2026-07-27T09:12:33.949Z"}
{"level":"error","message":"Redis error: getaddrinfo ENOTFOUND redis","timestamp":"2026-07-27T09:12:37.346Z"}
{"level":"warn","message":"Redis connection closed","timestamp":"2026-07-27T09:12:37.347Z"}
{"level":"error","message":"Redis error: getaddrinfo ENOTFOUND redis","timestamp":"2026-07-27T09:12:40.780Z"}
{"level":"warn","message":"Redis connection closed","timestamp":"2026-07-27T09:12:40.781Z"}
{"level":"error","message":"Redis error: getaddrinfo ENOTFOUND redis","timestamp":"2026-07-27T09:12:44.262Z"}
{"level":"warn","message":"Redis connection closed","timestamp":"2026-07-27T09:12:44.264Z"}
{"level":"error","message":"Redis error: getaddrinfo ENOTFOUND redis","timestamp":"2026-07-27T09:12:47.784Z"}
{"level":"warn","message":"Redis connection closed","timestamp":"2026-07-27T09:12:47.784Z"}
{"level":"error","message":"Redis error: getaddrinfo ENOTFOUND redis","timestamp":"2026-07-27T09:12:51.377Z"}
{"level":"warn","message":"Redis connection closed","timestamp":"2026-07-27T09:12:51.378Z"}
{"level":"error","message":"Redis error: getaddrinfo ENOTFOUND redis","timestamp":"2026-07-27T09:12:54.681Z"}
{"level":"warn","message":"Redis connection closed","timestamp":"2026-07-27T09:12:54.686Z"}
{"level":"warn","message":"Redis unavailable at startup: Connection is closed.","timestamp":"2026-07-27T09:12:54.686Z"}
{"level":"error","message":"Uncaught Exception: Error: listen EADDRINUSE: address already in use 0.0.0.0:8080\n    at Server.setupListenHandle [as _listen2] (node:net:1907:16)\n    at listenInCluster (node:net:1964:12)\n    at node:net:2170:7\n    at process.processTicksAndRejections (node:internal/process/task_queues:90:21)","timestamp":"2026-07-27T09:12:54.689Z"}
{"level":"info","message":"Received uncaughtException. Shutting down gracefully...","timestamp":"2026-07-27T09:12:54.690Z"}
{"level":"error","message":"Redis error: getaddrinfo ENOTFOUND redis","timestamp":"2026-07-27T09:12:54.995Z"}
{"level":"warn","message":"Redis connection closed","timestamp":"2026-07-27T09:12:54.995Z"}
{"level":"error","message":"Redis error: getaddrinfo ENOTFOUND redis","timestamp":"2026-07-27T09:12:58.680Z"}
{"level":"warn","message":"Redis connection closed","timestamp":"2026-07-27T09:12:58.680Z"}
{"level":"error","message":"Redis error: getaddrinfo ENOTFOUND redis","timestamp":"2026-07-27T09:13:02.413Z"}
{"level":"warn","message":"Redis connection closed","timestamp":"2026-07-27T09:13:02.414Z"}
{"level":"error","message":"Redis error: getaddrinfo ENOTFOUND redis","timestamp":"2026-07-27T09:13:06.213Z"}
{"level":"warn","message":"Redis connection closed","timestamp":"2026-07-27T09:13:06.214Z"}
{"level":"error","message":"Redis error: getaddrinfo ENOTFOUND redis","timestamp":"2026-07-27T09:13:10.060Z"}
{"level":"warn","message":"Redis connection closed","timestamp":"2026-07-27T09:13:10.060Z"}
{"level":"error","message":"Redis error: getaddrinfo ENOTFOUND redis","timestamp":"2026-07-27T09:13:13.929Z"}
{"level":"warn","message":"Redis connection closed","timestamp":"2026-07-27T09:13:13.930Z"}
{"level":"error","message":"Redis error: getaddrinfo ENOTFOUND redis","timestamp":"2026-07-27T09:13:17.862Z"}
{"level":"warn","message":"Redis connection closed","timestamp":"2026-07-27T09:13:17.863Z"}
{"level":"error","message":"Redis error: getaddrinfo ENOTFOUND redis","timestamp":"2026-07-27T09:13:21.845Z"}
{"level":"warn","message":"Redis connection closed","timestamp":"2026-07-27T09:13:21.846Z"}
{"level":"error","message":"Redis error: getaddrinfo ENOTFOUND redis","timestamp":"2026-07-27T09:13:25.877Z"}
{"level":"warn","message":"Redis connection closed","timestamp":"2026-07-27T09:13:25.878Z"}
{"level":"error","message":"Redis error: getaddrinfo ENOTFOUND redis","timestamp":"2026-07-27T09:13:29.943Z"}
{"level":"warn","message":"Redis connection closed","timestamp":"2026-07-27T09:13:29.944Z"}
{"level":"error","message":"Redis error: getaddrinfo ENOTFOUND redis","timestamp":"2026-07-27T09:13:34.076Z"}
{"level":"warn","message":"Redis connection closed","timestamp":"2026-07-27T09:13:34.077Z"}
{"level":"error","message":"Redis error: getaddrinfo ENOTFOUND redis","timestamp":"2026-07-27T09:13:38.229Z"}
{"level":"warn","message":"Redis connection closed","timestamp":"2026-07-27T09:13:38.230Z"}
{"level":"error","message":"Redis error: getaddrinfo ENOTFOUND redis","timestamp":"2026-07-27T09:13:42.444Z"}
{"level":"warn","message":"Redis connection closed","timestamp":"2026-07-27T09:13:42.445Z"}
{"level":"error","message":"Redis error: getaddrinfo ENOTFOUND redis","timestamp":"2026-07-27T09:13:46.727Z"}
{"level":"warn","message":"Redis connection closed","timestamp":"2026-07-27T09:13:46.728Z"}
{"level":"error","message":"Redis error: getaddrinfo ENOTFOUND redis","timestamp":"2026-07-27T09:13:51.426Z"}
{"level":"warn","message":"Redis connection closed","timestamp":"2026-07-27T09:13:51.427Z"}
{"level":"error","message":"Redis error: getaddrinfo ENOTFOUND redis","timestamp":"2026-07-27T09:13:55.709Z"}
{"level":"warn","message":"Redis connection closed","timestamp":"2026-07-27T09:13:55.709Z"}
{"level":"error","message":"Redis error: getaddrinfo ENOTFOUND redis","timestamp":"2026-07-27T09:14:00.378Z"}
{"level":"warn","message":"Redis connection closed","timestamp":"2026-07-27T09:14:00.379Z"}
{"level":"error","message":"Redis error: getaddrinfo ENOTFOUND redis","timestamp":"2026-07-27T09:14:04.658Z"}
{"level":"warn","message":"Redis connection closed","timestamp":"2026-07-27T09:14:04.658Z"}
{"level":"error","message":"Redis error: getaddrinfo ENOTFOUND redis","timestamp":"2026-07-27T09:14:09.327Z"}
{"level":"warn","message":"Redis connection closed","timestamp":"2026-07-27T09:14:09.328Z"}
{"level":"error","message":"Redis error: getaddrinfo ENOTFOUND redis","timestamp":"2026-07-27T09:14:13.593Z"}
{"level":"warn","message":"Redis connection closed","timestamp":"2026-07-27T09:14:13.594Z"}
{"level":"error","message":"Redis error: getaddrinfo ENOTFOUND redis","timestamp":"2026-07-27T09:14:18.309Z"}
{"level":"warn","message":"Redis connection closed","timestamp":"2026-07-27T09:14:18.309Z"}
{"level":"error","message":"Redis error: getaddrinfo ENOTFOUND redis","timestamp":"2026-07-27T09:14:22.576Z"}
{"level":"warn","message":"Redis connection closed","timestamp":"2026-07-27T09:14:22.577Z"}
{"level":"error","message":"Redis error: getaddrinfo ENOTFOUND redis","timestamp":"2026-07-27T09:14:37.692Z"}
{"level":"error","message":"Redis error: getaddrinfo ENOTFOUND redis","timestamp":"2026-07-27T09:14:37.692Z"}
{"level":"error","message":"Redis error: getaddrinfo ENOTFOUND redis","timestamp":"2026-07-27T09:14:37.693Z"}
{"level":"error","message":"Redis error: getaddrinfo ENOTFOUND redis","timestamp":"2026-07-27T09:14:37.692Z"}
{"level":"error","message":"Redis error: getaddrinfo ENOTFOUND redis","timestamp":"2026-07-27T09:14:37.692Z"}
{"level":"error","message":"Redis error: getaddrinfo ENOTFOUND redis","timestamp":"2026-07-27T09:14:37.692Z"}
{"level":"warn","message":"Redis connection closed","timestamp":"2026-07-27T09:14:37.696Z"}
{"level":"warn","message":"Redis unavailable at startup: Connection is closed.","timestamp":"2026-07-27T09:14:37.696Z"}
{"level":"info","message":"API listening on http://0.0.0.0:8080 (env=development)","timestamp":"2026-07-27T09:14:37.699Z"}
{"level":"info","message":"Swagger UI:      http://0.0.0.0:8080/api/docs","timestamp":"2026-07-27T09:14:37.700Z"}
{"level":"warn","message":"Redis connection closed","timestamp":"2026-07-27T09:14:37.695Z"}
{"level":"warn","message":"Redis unavailable at startup: Connection is closed.","timestamp":"2026-07-27T09:14:37.696Z"}
{"level":"error","message":"Uncaught Exception: Error: listen EADDRINUSE: address already in use 0.0.0.0:8080\n    at Server.setupListenHandle [as _listen2] (node:net:1907:16)\n    at listenInCluster (node:net:1964:12)\n    at node:net:2170:7\n    at process.processTicksAndRejections (node:internal/process/task_queues:90:21)","timestamp":"2026-07-27T09:14:37.699Z"}
{"level":"info","message":"Received uncaughtException. Shutting down gracefully...","timestamp":"2026-07-27T09:14:37.700Z"}
{"level":"warn","message":"Redis connection closed","timestamp":"2026-07-27T09:14:37.698Z"}
{"level":"warn","message":"Redis unavailable at startup: Connection is closed.","timestamp":"2026-07-27T09:14:37.698Z"}
{"level":"error","message":"Uncaught Exception: Error: listen EADDRINUSE: address already in use 0.0.0.0:8080\n    at Server.setupListenHandle [as _listen2] (node:net:1907:16)\n    at listenInCluster (node:net:1964:12)\n    at node:net:2170:7\n    at process.processTicksAndRejections (node:internal/process/task_queues:90:21)","timestamp":"2026-07-27T09:14:37.701Z"}
{"level":"info","message":"Received uncaughtException. Shutting down gracefully...","timestamp":"2026-07-27T09:14:37.702Z"}
{"level":"warn","message":"Redis connection closed","timestamp":"2026-07-27T09:14:37.696Z"}
{"level":"warn","message":"Redis unavailable at startup: Connection is closed.","timestamp":"2026-07-27T09:14:37.697Z"}
{"level":"error","message":"Uncaught Exception: Error: listen EADDRINUSE: address already in use 0.0.0.0:8080\n    at Server.setupListenHandle [as _listen2] (node:net:1907:16)\n    at listenInCluster (node:net:1964:12)\n    at node:net:2170:7\n    at process.processTicksAndRejections (node:internal/process/task_queues:90:21)","timestamp":"2026-07-27T09:14:37.700Z"}
{"level":"info","message":"Received uncaughtException. Shutting down gracefully...","timestamp":"2026-07-27T09:14:37.701Z"}
{"level":"warn","message":"Redis connection closed","timestamp":"2026-07-27T09:14:37.697Z"}
{"level":"warn","message":"Redis unavailable at startup: Connection is closed.","timestamp":"2026-07-27T09:14:37.697Z"}
{"level":"error","message":"Uncaught Exception: Error: listen EADDRINUSE: address already in use 0.0.0.0:8080\n    at Server.setupListenHandle [as _listen2] (node:net:1907:16)\n    at listenInCluster (node:net:1964:12)\n    at node:net:2170:7\n    at process.processTicksAndRejections (node:internal/process/task_queues:90:21)","timestamp":"2026-07-27T09:14:37.701Z"}
{"level":"info","message":"Received uncaughtException. Shutting down gracefully...","timestamp":"2026-07-27T09:14:37.701Z"}
{"level":"warn","message":"Redis connection closed","timestamp":"2026-07-27T09:14:37.696Z"}
{"level":"warn","message":"Redis unavailable at startup: Connection is closed.","timestamp":"2026-07-27T09:14:37.697Z"}
{"level":"error","message":"Uncaught Exception: Error: listen EADDRINUSE: address already in use 0.0.0.0:8080\n    at Server.setupListenHandle [as _listen2] (node:net:1907:16)\n    at listenInCluster (node:net:1964:12)\n    at node:net:2170:7\n    at process.processTicksAndRejections (node:internal/process/task_queues:90:21)","timestamp":"2026-07-27T09:14:37.700Z"}
{"level":"info","message":"Received uncaughtException. Shutting down gracefully...","timestamp":"2026-07-27T09:14:37.701Z"}
{"level":"error","message":"Redis error: getaddrinfo ENOTFOUND redis","timestamp":"2026-07-27T09:14:37.701Z"}
{"level":"warn","message":"Redis connection closed","timestamp":"2026-07-27T09:14:37.706Z"}
{"level":"warn","message":"Redis unavailable at startup: Connection is closed.","timestamp":"2026-07-27T09:14:37.707Z"}
{"level":"error","message":"Uncaught Exception: Error: listen EADDRINUSE: address already in use 0.0.0.0:8080\n    at Server.setupListenHandle [as _listen2] (node:net:1907:16)\n    at listenInCluster (node:net:1964:12)\n    at node:net:2170:7\n    at process.processTicksAndRejections (node:internal/process/task_queues:90:21)","timestamp":"2026-07-27T09:14:37.711Z"}
{"level":"info","message":"Received uncaughtException. Shutting down gracefully...","timestamp":"2026-07-27T09:14:37.713Z"}
{"level":"error","message":"Redis error: getaddrinfo ENOTFOUND redis","timestamp":"2026-07-27T09:14:37.708Z"}
{"level":"warn","message":"Redis connection closed","timestamp":"2026-07-27T09:14:37.715Z"}
{"level":"warn","message":"Redis unavailable at startup: Connection is closed.","timestamp":"2026-07-27T09:14:37.716Z"}
{"level":"error","message":"Uncaught Exception: Error: listen EADDRINUSE: address already in use 0.0.0.0:8080\n    at Server.setupListenHandle [as _listen2] (node:net:1907:16)\n    at listenInCluster (node:net:1964:12)\n    at node:net:2170:7\n    at process.processTicksAndRejections (node:internal/process/task_queues:90:21)","timestamp":"2026-07-27T09:14:37.719Z"}
{"level":"info","message":"Received uncaughtException. Shutting down gracefully...","timestamp":"2026-07-27T09:14:37.720Z"}
{"level":"error","message":"Redis error: getaddrinfo ENOTFOUND redis","timestamp":"2026-07-27T09:14:37.759Z"}
{"level":"warn","message":"Redis connection closed","timestamp":"2026-07-27T09:14:37.763Z"}
{"level":"warn","message":"Redis unavailable at startup: Connection is closed.","timestamp":"2026-07-27T09:14:37.763Z"}
{"level":"error","message":"Uncaught Exception: Error: listen EADDRINUSE: address already in use 0.0.0.0:8080\n    at Server.setupListenHandle [as _listen2] (node:net:1907:16)\n    at listenInCluster (node:net:1964:12)\n    at node:net:2170:7\n    at process.processTicksAndRejections (node:internal/process/task_queues:90:21)","timestamp":"2026-07-27T09:14:37.766Z"}
{"level":"info","message":"Received uncaughtException. Shutting down gracefully...","timestamp":"2026-07-27T09:14:37.766Z"}
{"level":"error","message":"Redis error: getaddrinfo ENOTFOUND redis","timestamp":"2026-07-27T09:14:40.024Z"}
{"level":"warn","message":"Redis connection closed","timestamp":"2026-07-27T09:14:40.025Z"}
{"level":"error","message":"Redis error: getaddrinfo ENOTFOUND redis","timestamp":"2026-07-27T09:14:42.407Z"}
{"level":"warn","message":"Redis connection closed","timestamp":"2026-07-27T09:14:42.408Z"}
{"level":"error","message":"Redis error: getaddrinfo ENOTFOUND redis","timestamp":"2026-07-27T09:14:44.825Z"}
{"level":"warn","message":"Redis connection closed","timestamp":"2026-07-27T09:14:44.826Z"}
{"level":"error","message":"Redis error: getaddrinfo ENOTFOUND redis","timestamp":"2026-07-27T09:14:47.306Z"}
{"level":"warn","message":"Redis connection closed","timestamp":"2026-07-27T09:14:47.306Z"}
{"level":"error","message":"Redis error: getaddrinfo ENOTFOUND redis","timestamp":"2026-07-27T09:14:49.823Z"}
{"level":"warn","message":"Redis connection closed","timestamp":"2026-07-27T09:14:49.824Z"}
{"level":"error","message":"Redis error: getaddrinfo ENOTFOUND redis","timestamp":"2026-07-27T09:14:52.391Z"}
{"level":"warn","message":"Redis connection closed","timestamp":"2026-07-27T09:14:52.391Z"}
{"level":"error","message":"Redis error: getaddrinfo ENOTFOUND redis","timestamp":"2026-07-27T09:14:55.021Z"}
{"level":"warn","message":"Redis connection closed","timestamp":"2026-07-27T09:14:55.022Z"}
{"level":"error","message":"Redis error: getaddrinfo ENOTFOUND redis","timestamp":"2026-07-27T09:14:57.692Z"}
{"level":"warn","message":"Redis connection closed","timestamp":"2026-07-27T09:14:57.692Z"}
{"level":"error","message":"Redis error: getaddrinfo ENOTFOUND redis","timestamp":"2026-07-27T09:15:00.407Z"}
{"level":"warn","message":"Redis connection closed","timestamp":"2026-07-27T09:15:00.407Z"}
{"level":"error","message":"Redis error: getaddrinfo ENOTFOUND redis","timestamp":"2026-07-27T09:15:03.191Z"}
{"level":"warn","message":"Redis connection closed","timestamp":"2026-07-27T09:15:03.192Z"}
{"level":"error","message":"Redis error: getaddrinfo ENOTFOUND redis","timestamp":"2026-07-27T09:15:06.023Z"}
{"level":"warn","message":"Redis connection closed","timestamp":"2026-07-27T09:15:06.024Z"}
{"level":"error","message":"Redis error: getaddrinfo ENOTFOUND redis","timestamp":"2026-07-27T09:15:08.907Z"}
{"level":"warn","message":"Redis connection closed","timestamp":"2026-07-27T09:15:08.908Z"}
{"level":"error","message":"Redis error: getaddrinfo ENOTFOUND redis","timestamp":"2026-07-27T09:15:11.841Z"}
{"level":"warn","message":"Redis connection closed","timestamp":"2026-07-27T09:15:11.842Z"}
{"level":"error","message":"Redis error: getaddrinfo ENOTFOUND redis","timestamp":"2026-07-27T09:15:14.839Z"}
{"level":"warn","message":"Redis connection closed","timestamp":"2026-07-27T09:15:14.840Z"}
{"level":"error","message":"Redis error: getaddrinfo ENOTFOUND redis","timestamp":"2026-07-27T09:15:17.873Z"}
{"level":"warn","message":"Redis connection closed","timestamp":"2026-07-27T09:15:17.874Z"}
{"level":"error","message":"Redis error: getaddrinfo ENOTFOUND redis","timestamp":"2026-07-27T09:15:20.941Z"}
{"level":"warn","message":"Redis connection closed","timestamp":"2026-07-27T09:15:20.941Z"}
{"level":"error","message":"Redis error: getaddrinfo ENOTFOUND redis","timestamp":"2026-07-27T09:15:24.089Z"}
{"level":"warn","message":"Redis connection closed","timestamp":"2026-07-27T09:15:24.090Z"}
{"level":"error","message":"Redis error: getaddrinfo ENOTFOUND redis","timestamp":"2026-07-27T09:15:27.273Z"}
{"level":"warn","message":"Redis connection closed","timestamp":"2026-07-27T09:15:27.274Z"}
{"level":"error","message":"Redis error: getaddrinfo ENOTFOUND redis","timestamp":"2026-07-27T09:15:30.505Z"}
{"level":"warn","message":"Redis connection closed","timestamp":"2026-07-27T09:15:30.506Z"}
{"level":"error","message":"Redis error: getaddrinfo ENOTFOUND redis","timestamp":"2026-07-27T09:15:33.790Z"}
{"level":"warn","message":"Redis connection closed","timestamp":"2026-07-27T09:15:33.791Z"}
{"level":"error","message":"Redis error: getaddrinfo ENOTFOUND redis","timestamp":"2026-07-27T09:15:37.140Z"}
{"level":"warn","message":"Redis connection closed","timestamp":"2026-07-27T09:15:37.141Z"}
{"level":"error","message":"Redis error: getaddrinfo ENOTFOUND redis","timestamp":"2026-07-27T09:15:40.523Z"}
{"level":"warn","message":"Redis connection closed","timestamp":"2026-07-27T09:15:40.524Z"}
{"level":"error","message":"Redis error: getaddrinfo ENOTFOUND redis","timestamp":"2026-07-27T09:15:43.973Z"}
{"level":"warn","message":"Redis connection closed","timestamp":"2026-07-27T09:15:43.974Z"}
{"level":"error","message":"Redis error: getaddrinfo ENOTFOUND redis","timestamp":"2026-07-27T09:15:47.469Z"}
{"level":"warn","message":"Redis connection closed","timestamp":"2026-07-27T09:15:47.470Z"}
{"level":"error","message":"Redis error: getaddrinfo ENOTFOUND redis","timestamp":"2026-07-27T09:15:51.006Z"}
{"level":"warn","message":"Redis connection closed","timestamp":"2026-07-27T09:15:51.006Z"}
{"level":"error","message":"Redis error: getaddrinfo ENOTFOUND redis","timestamp":"2026-07-27T09:15:54.589Z"}
{"level":"warn","message":"Redis connection closed","timestamp":"2026-07-27T09:15:54.590Z"}
{"level":"error","message":"Redis error: getaddrinfo ENOTFOUND redis","timestamp":"2026-07-27T09:15:58.207Z"}
{"level":"warn","message":"Redis connection closed","timestamp":"2026-07-27T09:15:58.208Z"}
{"level":"error","message":"Redis error: getaddrinfo ENOTFOUND redis","timestamp":"2026-07-27T09:16:01.888Z"}
{"level":"warn","message":"Redis connection closed","timestamp":"2026-07-27T09:16:01.889Z"}
{"level":"error","message":"Redis error: getaddrinfo ENOTFOUND redis","timestamp":"2026-07-27T09:16:05.607Z"}
{"level":"warn","message":"Redis connection closed","timestamp":"2026-07-27T09:16:05.607Z"}
{"level":"error","message":"Redis error: getaddrinfo ENOTFOUND redis","timestamp":"2026-07-27T09:16:09.404Z"}
{"level":"warn","message":"Redis connection closed","timestamp":"2026-07-27T09:16:09.405Z"}
{"level":"error","message":"Redis error: getaddrinfo ENOTFOUND redis","timestamp":"2026-07-27T09:16:17.023Z"}
{"level":"error","message":"Redis error: getaddrinfo ENOTFOUND redis","timestamp":"2026-07-27T09:16:17.022Z"}
{"level":"error","message":"Redis error: getaddrinfo ENOTFOUND redis","timestamp":"2026-07-27T09:16:17.022Z"}
{"level":"error","message":"Redis error: getaddrinfo ENOTFOUND redis","timestamp":"2026-07-27T09:16:17.023Z"}
{"level":"error","message":"Redis error: getaddrinfo ENOTFOUND redis","timestamp":"2026-07-27T09:16:17.021Z"}
{"level":"error","message":"Redis error: getaddrinfo ENOTFOUND redis","timestamp":"2026-07-27T09:16:17.023Z"}
{"level":"warn","message":"Redis connection closed","timestamp":"2026-07-27T09:16:17.027Z"}
{"level":"warn","message":"Redis unavailable at startup: Connection is closed.","timestamp":"2026-07-27T09:16:17.027Z"}
{"level":"info","message":"API listening on http://0.0.0.0:8080 (env=development)","timestamp":"2026-07-27T09:16:17.031Z"}
{"level":"info","message":"Swagger UI:      http://0.0.0.0:8080/api/docs","timestamp":"2026-07-27T09:16:17.032Z"}
{"level":"warn","message":"Redis connection closed","timestamp":"2026-07-27T09:16:17.027Z"}
{"level":"warn","message":"Redis connection closed","timestamp":"2026-07-27T09:16:17.026Z"}
{"level":"warn","message":"Redis unavailable at startup: Connection is closed.","timestamp":"2026-07-27T09:16:17.028Z"}
{"level":"warn","message":"Redis unavailable at startup: Connection is closed.","timestamp":"2026-07-27T09:16:17.027Z"}
{"level":"error","message":"Uncaught Exception: Error: listen EADDRINUSE: address already in use 0.0.0.0:8080\n    at Server.setupListenHandle [as _listen2] (node:net:1907:16)\n    at listenInCluster (node:net:1964:12)\n    at node:net:2170:7\n    at process.processTicksAndRejections (node:internal/process/task_queues:90:21)","timestamp":"2026-07-27T09:16:17.030Z"}
{"level":"warn","message":"Redis connection closed","timestamp":"2026-07-27T09:16:17.027Z"}
{"level":"info","message":"Received uncaughtException. Shutting down gracefully...","timestamp":"2026-07-27T09:16:17.031Z"}
{"level":"error","message":"Uncaught Exception: Error: listen EADDRINUSE: address already in use 0.0.0.0:8080\n    at Server.setupListenHandle [as _listen2] (node:net:1907:16)\n    at listenInCluster (node:net:1964:12)\n    at node:net:2170:7\n    at process.processTicksAndRejections (node:internal/process/task_queues:90:21)","timestamp":"2026-07-27T09:16:17.030Z"}
{"level":"warn","message":"Redis unavailable at startup: Connection is closed.","timestamp":"2026-07-27T09:16:17.027Z"}
{"level":"info","message":"Received uncaughtException. Shutting down gracefully...","timestamp":"2026-07-27T09:16:17.031Z"}
{"level":"error","message":"Uncaught Exception: Error: listen EADDRINUSE: address already in use 0.0.0.0:8080\n    at Server.setupListenHandle [as _listen2] (node:net:1907:16)\n    at listenInCluster (node:net:1964:12)\n    at node:net:2170:7\n    at process.processTicksAndRejections (node:internal/process/task_queues:90:21)","timestamp":"2026-07-27T09:16:17.030Z"}
{"level":"info","message":"Received uncaughtException. Shutting down gracefully...","timestamp":"2026-07-27T09:16:17.031Z"}
{"level":"warn","message":"Redis connection closed","timestamp":"2026-07-27T09:16:17.026Z"}
{"level":"warn","message":"Redis unavailable at startup: Connection is closed.","timestamp":"2026-07-27T09:16:17.027Z"}
{"level":"error","message":"Uncaught Exception: Error: listen EADDRINUSE: address already in use 0.0.0.0:8080\n    at Server.setupListenHandle [as _listen2] (node:net:1907:16)\n    at listenInCluster (node:net:1964:12)\n    at node:net:2170:7\n    at process.processTicksAndRejections (node:internal/process/task_queues:90:21)","timestamp":"2026-07-27T09:16:17.030Z"}
{"level":"info","message":"Received uncaughtException. Shutting down gracefully...","timestamp":"2026-07-27T09:16:17.031Z"}
{"level":"warn","message":"Redis connection closed","timestamp":"2026-07-27T09:16:17.028Z"}
{"level":"warn","message":"Redis unavailable at startup: Connection is closed.","timestamp":"2026-07-27T09:16:17.029Z"}
{"level":"error","message":"Uncaught Exception: Error: listen EADDRINUSE: address already in use 0.0.0.0:8080\n    at Server.setupListenHandle [as _listen2] (node:net:1907:16)\n    at listenInCluster (node:net:1964:12)\n    at node:net:2170:7\n    at process.processTicksAndRejections (node:internal/process/task_queues:90:21)","timestamp":"2026-07-27T09:16:17.032Z"}
{"level":"info","message":"Received uncaughtException. Shutting down gracefully...","timestamp":"2026-07-27T09:16:17.033Z"}
{"level":"error","message":"Redis error: getaddrinfo ENOTFOUND redis","timestamp":"2026-07-27T09:16:17.055Z"}
{"level":"error","message":"Redis error: getaddrinfo ENOTFOUND redis","timestamp":"2026-07-27T09:16:17.057Z"}
{"level":"warn","message":"Redis connection closed","timestamp":"2026-07-27T09:16:17.060Z"}
{"level":"warn","message":"Redis unavailable at startup: Connection is closed.","timestamp":"2026-07-27T09:16:17.060Z"}
{"level":"error","message":"Uncaught Exception: Error: listen EADDRINUSE: address already in use 0.0.0.0:8080\n    at Server.setupListenHandle [as _listen2] (node:net:1907:16)\n    at listenInCluster (node:net:1964:12)\n    at node:net:2170:7\n    at process.processTicksAndRejections (node:internal/process/task_queues:90:21)","timestamp":"2026-07-27T09:16:17.063Z"}
{"level":"info","message":"Received uncaughtException. Shutting down gracefully...","timestamp":"2026-07-27T09:16:17.064Z"}
{"level":"warn","message":"Redis connection closed","timestamp":"2026-07-27T09:16:17.061Z"}
{"level":"warn","message":"Redis unavailable at startup: Connection is closed.","timestamp":"2026-07-27T09:16:17.062Z"}
{"level":"error","message":"Uncaught Exception: Error: listen EADDRINUSE: address already in use 0.0.0.0:8080\n    at Server.setupListenHandle [as _listen2] (node:net:1907:16)\n    at listenInCluster (node:net:1964:12)\n    at node:net:2170:7\n    at process.processTicksAndRejections (node:internal/process/task_queues:90:21)","timestamp":"2026-07-27T09:16:17.064Z"}
{"level":"info","message":"Received uncaughtException. Shutting down gracefully...","timestamp":"2026-07-27T09:16:17.065Z"}
{"level":"error","message":"Redis error: getaddrinfo ENOTFOUND redis","timestamp":"2026-07-27T09:16:17.274Z"}
{"level":"warn","message":"Redis connection closed","timestamp":"2026-07-27T09:16:17.278Z"}
{"level":"warn","message":"Redis unavailable at startup: Connection is closed.","timestamp":"2026-07-27T09:16:17.278Z"}
{"level":"error","message":"Uncaught Exception: Error: listen EADDRINUSE: address already in use 0.0.0.0:8080\n    at Server.setupListenHandle [as _listen2] (node:net:1907:16)\n    at listenInCluster (node:net:1964:12)\n    at node:net:2170:7\n    at process.processTicksAndRejections (node:internal/process/task_queues:90:21)","timestamp":"2026-07-27T09:16:17.281Z"}
{"level":"info","message":"Received uncaughtException. Shutting down gracefully...","timestamp":"2026-07-27T09:16:17.282Z"}
{"level":"error","message":"Redis error: getaddrinfo ENOTFOUND redis","timestamp":"2026-07-27T09:16:19.355Z"}
{"level":"warn","message":"Redis connection closed","timestamp":"2026-07-27T09:16:19.356Z"}
{"level":"error","message":"Redis error: getaddrinfo ENOTFOUND redis","timestamp":"2026-07-27T09:16:21.738Z"}
{"level":"warn","message":"Redis connection closed","timestamp":"2026-07-27T09:16:21.739Z"}
{"level":"error","message":"Redis error: getaddrinfo ENOTFOUND redis","timestamp":"2026-07-27T09:16:24.184Z"}
{"level":"warn","message":"Redis connection closed","timestamp":"2026-07-27T09:16:24.185Z"}
{"level":"error","message":"Redis error: getaddrinfo ENOTFOUND redis","timestamp":"2026-07-27T09:16:26.655Z"}
{"level":"warn","message":"Redis connection closed","timestamp":"2026-07-27T09:16:26.656Z"}
{"level":"error","message":"Redis error: getaddrinfo ENOTFOUND redis","timestamp":"2026-07-27T09:16:29.204Z"}
{"level":"warn","message":"Redis connection closed","timestamp":"2026-07-27T09:16:29.205Z"}
{"level":"error","message":"Redis error: getaddrinfo ENOTFOUND redis","timestamp":"2026-07-27T09:16:31.772Z"}
{"level":"warn","message":"Redis connection closed","timestamp":"2026-07-27T09:16:31.773Z"}
{"level":"error","message":"Redis error: getaddrinfo ENOTFOUND redis","timestamp":"2026-07-27T09:16:34.421Z"}
{"level":"warn","message":"Redis connection closed","timestamp":"2026-07-27T09:16:34.422Z"}
{"level":"error","message":"Redis error: getaddrinfo ENOTFOUND redis","timestamp":"2026-07-27T09:16:37.104Z"}
{"level":"warn","message":"Redis connection closed","timestamp":"2026-07-27T09:16:37.105Z"}
{"level":"error","message":"Redis error: getaddrinfo ENOTFOUND redis","timestamp":"2026-07-27T09:16:39.871Z"}
{"level":"warn","message":"Redis connection closed","timestamp":"2026-07-27T09:16:39.872Z"}
{"level":"error","message":"Redis error: getaddrinfo ENOTFOUND redis","timestamp":"2026-07-27T09:16:42.655Z"}
{"level":"warn","message":"Redis connection closed","timestamp":"2026-07-27T09:16:42.656Z"}
{"level":"error","message":"Redis error: getaddrinfo ENOTFOUND redis","timestamp":"2026-07-27T09:16:45.503Z"}
{"level":"warn","message":"Redis connection closed","timestamp":"2026-07-27T09:16:45.504Z"}
{"level":"error","message":"Redis error: getaddrinfo ENOTFOUND redis","timestamp":"2026-07-27T09:16:48.370Z"}
{"level":"warn","message":"Redis connection closed","timestamp":"2026-07-27T09:16:48.371Z"}
{"level":"error","message":"Redis error: getaddrinfo ENOTFOUND redis","timestamp":"2026-07-27T09:16:51.315Z"}
{"level":"warn","message":"Redis connection closed","timestamp":"2026-07-27T09:16:51.315Z"}
{"level":"error","message":"Redis error: getaddrinfo ENOTFOUND redis","timestamp":"2026-07-27T09:16:54.287Z"}
{"level":"warn","message":"Redis connection closed","timestamp":"2026-07-27T09:16:54.287Z"}
{"level":"error","message":"Redis error: getaddrinfo ENOTFOUND redis","timestamp":"2026-07-27T09:16:57.320Z"}
{"level":"warn","message":"Redis connection closed","timestamp":"2026-07-27T09:16:57.321Z"}
{"level":"error","message":"Redis error: getaddrinfo ENOTFOUND redis","timestamp":"2026-07-27T09:17:00.404Z"}
{"level":"warn","message":"Redis connection closed","timestamp":"2026-07-27T09:17:00.404Z"}
{"level":"error","message":"Redis error: getaddrinfo ENOTFOUND redis","timestamp":"2026-07-27T09:17:03.537Z"}
{"level":"warn","message":"Redis connection closed","timestamp":"2026-07-27T09:17:03.538Z"}
{"level":"error","message":"Redis error: getaddrinfo ENOTFOUND redis","timestamp":"2026-07-27T09:17:05.052Z"}
{"level":"warn","message":"Redis connection closed","timestamp":"2026-07-27T09:17:05.056Z"}
{"level":"warn","message":"Redis unavailable at startup: Connection is closed.","timestamp":"2026-07-27T09:17:05.056Z"}
{"level":"error","message":"Uncaught Exception: Error: listen EADDRINUSE: address already in use 0.0.0.0:8080\n    at Server.setupListenHandle [as _listen2] (node:net:1907:16)\n    at listenInCluster (node:net:1964:12)\n    at node:net:2170:7\n    at process.processTicksAndRejections (node:internal/process/task_queues:90:21)","timestamp":"2026-07-27T09:17:05.058Z"}
{"level":"info","message":"Received uncaughtException. Shutting down gracefully...","timestamp":"2026-07-27T09:17:05.059Z"}
{"level":"error","message":"Redis error: getaddrinfo ENOTFOUND redis","timestamp":"2026-07-27T09:17:06.703Z"}
{"level":"warn","message":"Redis connection closed","timestamp":"2026-07-27T09:17:06.704Z"}
{"level":"error","message":"Redis error: getaddrinfo ENOTFOUND redis","timestamp":"2026-07-27T09:17:09.951Z"}
{"level":"warn","message":"Redis connection closed","timestamp":"2026-07-27T09:17:09.952Z"}
{"level":"error","message":"Redis error: getaddrinfo ENOTFOUND redis","timestamp":"2026-07-27T09:17:13.221Z"}
{"level":"warn","message":"Redis connection closed","timestamp":"2026-07-27T09:17:13.222Z"}
{"level":"error","message":"Redis error: getaddrinfo ENOTFOUND redis","timestamp":"2026-07-27T09:17:16.552Z"}
{"level":"warn","message":"Redis connection closed","timestamp":"2026-07-27T09:17:16.553Z"}
{"level":"error","message":"Redis error: getaddrinfo ENOTFOUND redis","timestamp":"2026-07-27T09:17:19.923Z"}
{"level":"warn","message":"Redis connection closed","timestamp":"2026-07-27T09:17:19.924Z"}
{"level":"error","message":"Redis error: getaddrinfo ENOTFOUND redis","timestamp":"2026-07-27T09:17:23.352Z"}
{"level":"warn","message":"Redis connection closed","timestamp":"2026-07-27T09:17:23.353Z"}
{"level":"error","message":"Redis error: getaddrinfo ENOTFOUND redis","timestamp":"2026-07-27T09:17:26.818Z"}
{"level":"warn","message":"Redis connection closed","timestamp":"2026-07-27T09:17:26.819Z"}
{"level":"error","message":"Redis error: getaddrinfo ENOTFOUND redis","timestamp":"2026-07-27T09:17:30.335Z"}
{"level":"warn","message":"Redis connection closed","timestamp":"2026-07-27T09:17:30.335Z"}
{"level":"error","message":"Redis error: getaddrinfo ENOTFOUND redis","timestamp":"2026-07-27T09:17:33.918Z"}
{"level":"warn","message":"Redis connection closed","timestamp":"2026-07-27T09:17:33.919Z"}
{"level":"error","message":"Redis error: getaddrinfo ENOTFOUND redis","timestamp":"2026-07-27T09:17:37.551Z"}
{"level":"warn","message":"Redis connection closed","timestamp":"2026-07-27T09:17:37.552Z"}
{"level":"error","message":"Redis error: getaddrinfo ENOTFOUND redis","timestamp":"2026-07-27T09:17:41.219Z"}
{"level":"warn","message":"Redis connection closed","timestamp":"2026-07-27T09:17:41.220Z"}
{"level":"error","message":"Redis error: getaddrinfo ENOTFOUND redis","timestamp":"2026-07-27T09:17:44.951Z"}
{"level":"warn","message":"Redis connection closed","timestamp":"2026-07-27T09:17:44.951Z"}
{"level":"error","message":"Redis error: getaddrinfo ENOTFOUND redis","timestamp":"2026-07-27T09:17:48.717Z"}
{"level":"warn","message":"Redis connection closed","timestamp":"2026-07-27T09:17:48.718Z"}
{"level":"error","message":"Redis error: getaddrinfo ENOTFOUND redis","timestamp":"2026-07-27T09:17:52.534Z"}
{"level":"warn","message":"Redis connection closed","timestamp":"2026-07-27T09:17:52.535Z"}
{"level":"error","message":"Redis error: getaddrinfo ENOTFOUND redis","timestamp":"2026-07-27T09:17:56.417Z"}
{"level":"warn","message":"Redis connection closed","timestamp":"2026-07-27T09:17:56.418Z"}
{"level":"error","message":"Redis error: getaddrinfo ENOTFOUND redis","timestamp":"2026-07-27T09:18:49.751Z"}
{"level":"warn","message":"Redis connection closed","timestamp":"2026-07-27T09:18:49.755Z"}
{"level":"warn","message":"Redis unavailable at startup: Connection is closed.","timestamp":"2026-07-27T09:18:49.755Z"}
{"level":"info","message":"API listening on http://0.0.0.0:8080 (env=development)","timestamp":"2026-07-27T09:18:49.758Z"}
{"level":"info","message":"Swagger UI:      http://0.0.0.0:8080/api/docs","timestamp":"2026-07-27T09:18:49.758Z"}
{"level":"error","message":"Redis error: getaddrinfo ENOTFOUND redis","timestamp":"2026-07-27T09:18:52.082Z"}
{"level":"warn","message":"Redis connection closed","timestamp":"2026-07-27T09:18:52.083Z"}
{"level":"error","message":"Redis error: getaddrinfo ENOTFOUND redis","timestamp":"2026-07-27T09:18:54.465Z"}
{"level":"warn","message":"Redis connection closed","timestamp":"2026-07-27T09:18:54.467Z"}
{"level":"error","message":"Redis error: getaddrinfo ENOTFOUND redis","timestamp":"2026-07-27T09:18:56.915Z"}
{"level":"warn","message":"Redis connection closed","timestamp":"2026-07-27T09:18:56.917Z"}
{"level":"error","message":"Redis error: getaddrinfo ENOTFOUND redis","timestamp":"2026-07-27T09:18:59.416Z"}
{"level":"warn","message":"Redis connection closed","timestamp":"2026-07-27T09:18:59.417Z"}
{"level":"error","message":"Redis error: getaddrinfo ENOTFOUND redis","timestamp":"2026-07-27T09:19:01.948Z"}
{"level":"warn","message":"Redis connection closed","timestamp":"2026-07-27T09:19:01.949Z"}
{"level":"error","message":"Redis error: getaddrinfo ENOTFOUND redis","timestamp":"2026-07-27T09:19:04.516Z"}
{"level":"warn","message":"Redis connection closed","timestamp":"2026-07-27T09:19:04.517Z"}
{"level":"error","message":"Redis error: getaddrinfo ENOTFOUND redis","timestamp":"2026-07-27T09:19:07.149Z"}
{"level":"warn","message":"Redis connection closed","timestamp":"2026-07-27T09:19:07.150Z"}
{"level":"error","message":"Redis error: getaddrinfo ENOTFOUND redis","timestamp":"2026-07-27T09:19:09.833Z"}
{"level":"warn","message":"Redis connection closed","timestamp":"2026-07-27T09:19:09.834Z"}
{"level":"error","message":"Redis error: getaddrinfo ENOTFOUND redis","timestamp":"2026-07-27T09:19:12.551Z"}
{"level":"warn","message":"Redis connection closed","timestamp":"2026-07-27T09:19:12.551Z"}
{"level":"error","message":"Redis error: getaddrinfo ENOTFOUND redis","timestamp":"2026-07-27T09:19:15.347Z"}
{"level":"warn","message":"Redis connection closed","timestamp":"2026-07-27T09:19:15.348Z"}
{"level":"error","message":"Redis error: getaddrinfo ENOTFOUND redis","timestamp":"2026-07-27T09:19:18.181Z"}
{"level":"warn","message":"Redis connection closed","timestamp":"2026-07-27T09:19:18.182Z"}
{"level":"error","message":"Redis error: getaddrinfo ENOTFOUND redis","timestamp":"2026-07-27T09:19:21.047Z"}
{"level":"warn","message":"Redis connection closed","timestamp":"2026-07-27T09:19:21.048Z"}
{"level":"error","message":"Redis error: getaddrinfo ENOTFOUND redis","timestamp":"2026-07-27T09:19:23.997Z"}
{"level":"warn","message":"Redis connection closed","timestamp":"2026-07-27T09:19:23.998Z"}
{"level":"error","message":"Redis error: getaddrinfo ENOTFOUND redis","timestamp":"2026-07-27T09:19:26.964Z"}
{"level":"warn","message":"Redis connection closed","timestamp":"2026-07-27T09:19:26.965Z"}
{"level":"error","message":"Redis error: getaddrinfo ENOTFOUND redis","timestamp":"2026-07-27T09:19:29.996Z"}
{"level":"warn","message":"Redis connection closed","timestamp":"2026-07-27T09:19:29.997Z"}
{"level":"error","message":"Redis error: getaddrinfo ENOTFOUND redis","timestamp":"2026-07-27T09:19:33.096Z"}
{"level":"warn","message":"Redis connection closed","timestamp":"2026-07-27T09:19:33.098Z"}
{"level":"error","message":"Redis error: getaddrinfo ENOTFOUND redis","timestamp":"2026-07-27T09:19:36.229Z"}
{"level":"warn","message":"Redis connection closed","timestamp":"2026-07-27T09:19:36.230Z"}
{"level":"error","message":"Redis error: getaddrinfo ENOTFOUND redis","timestamp":"2026-07-27T09:19:39.414Z"}
{"level":"warn","message":"Redis connection closed","timestamp":"2026-07-27T09:19:39.415Z"}
{"level":"error","message":"Redis error: getaddrinfo ENOTFOUND redis","timestamp":"2026-07-27T09:19:42.657Z"}
{"level":"warn","message":"Redis connection closed","timestamp":"2026-07-27T09:19:42.677Z"}
{"level":"error","message":"Redis error: getaddrinfo ENOTFOUND redis","timestamp":"2026-07-27T09:19:46.233Z"}
{"level":"warn","message":"Redis connection closed","timestamp":"2026-07-27T09:19:46.344Z"}
{"level":"error","message":"Redis error: getaddrinfo ENOTFOUND redis","timestamp":"2026-07-27T09:19:49.739Z"}
{"level":"warn","message":"Redis connection closed","timestamp":"2026-07-27T09:19:49.808Z"}
{"level":"error","message":"Redis error: getaddrinfo ENOTFOUND redis","timestamp":"2026-07-27T09:19:53.220Z"}
{"level":"warn","message":"Redis connection closed","timestamp":"2026-07-27T09:19:53.237Z"}
{"level":"error","message":"Redis error: getaddrinfo ENOTFOUND redis","timestamp":"2026-07-27T09:19:56.694Z"}
{"level":"warn","message":"Redis connection closed","timestamp":"2026-07-27T09:19:56.711Z"}
{"level":"error","message":"Redis error: getaddrinfo ENOTFOUND redis","timestamp":"2026-07-27T09:20:00.209Z"}
{"level":"warn","message":"Redis connection closed","timestamp":"2026-07-27T09:20:00.214Z"}
{"level":"error","message":"Redis error: getaddrinfo ENOTFOUND redis","timestamp":"2026-07-27T09:20:03.031Z"}
{"level":"warn","message":"Redis connection closed","timestamp":"2026-07-27T09:20:03.036Z"}
{"level":"warn","message":"Redis unavailable at startup: Connection is closed.","timestamp":"2026-07-27T09:20:03.036Z"}
{"level":"error","message":"Uncaught Exception: Error: listen EADDRINUSE: address already in use 0.0.0.0:8080\n    at Server.setupListenHandle [as _listen2] (node:net:1907:16)\n    at listenInCluster (node:net:1964:12)\n    at node:net:2170:7\n    at process.processTicksAndRejections (node:internal/process/task_queues:90:21)","timestamp":"2026-07-27T09:20:03.040Z"}
{"level":"info","message":"Received uncaughtException. Shutting down gracefully...","timestamp":"2026-07-27T09:20:03.040Z"}
{"level":"error","message":"Redis error: getaddrinfo ENOTFOUND redis","timestamp":"2026-07-27T09:20:03.231Z"}
{"level":"warn","message":"Redis connection closed","timestamp":"2026-07-27T09:20:03.235Z"}
{"level":"warn","message":"Redis unavailable at startup: Connection is closed.","timestamp":"2026-07-27T09:20:03.236Z"}
{"level":"error","message":"Uncaught Exception: Error: listen EADDRINUSE: address already in use 0.0.0.0:8080\n    at Server.setupListenHandle [as _listen2] (node:net:1907:16)\n    at listenInCluster (node:net:1964:12)\n    at node:net:2170:7\n    at process.processTicksAndRejections (node:internal/process/task_queues:90:21)","timestamp":"2026-07-27T09:20:03.238Z"}
{"level":"info","message":"Received uncaughtException. Shutting down gracefully...","timestamp":"2026-07-27T09:20:03.239Z"}
{"level":"error","message":"Redis error: getaddrinfo ENOTFOUND redis","timestamp":"2026-07-27T09:20:03.365Z"}
{"level":"error","message":"Redis error: getaddrinfo ENOTFOUND redis","timestamp":"2026-07-27T09:20:03.365Z"}
{"level":"warn","message":"Redis connection closed","timestamp":"2026-07-27T09:20:03.369Z"}
{"level":"warn","message":"Redis unavailable at startup: Connection is closed.","timestamp":"2026-07-27T09:20:03.369Z"}
{"level":"error","message":"Uncaught Exception: Error: listen EADDRINUSE: address already in use 0.0.0.0:8080\n    at Server.setupListenHandle [as _listen2] (node:net:1907:16)\n    at listenInCluster (node:net:1964:12)\n    at node:net:2170:7\n    at process.processTicksAndRejections (node:internal/process/task_queues:90:21)","timestamp":"2026-07-27T09:20:03.372Z"}
{"level":"info","message":"Received uncaughtException. Shutting down gracefully...","timestamp":"2026-07-27T09:20:03.372Z"}
{"level":"warn","message":"Redis connection closed","timestamp":"2026-07-27T09:20:03.369Z"}
{"level":"warn","message":"Redis unavailable at startup: Connection is closed.","timestamp":"2026-07-27T09:20:03.370Z"}
{"level":"error","message":"Uncaught Exception: Error: listen EADDRINUSE: address already in use 0.0.0.0:8080\n    at Server.setupListenHandle [as _listen2] (node:net:1907:16)\n    at listenInCluster (node:net:1964:12)\n    at node:net:2170:7\n    at process.processTicksAndRejections (node:internal/process/task_queues:90:21)","timestamp":"2026-07-27T09:20:03.372Z"}
{"level":"info","message":"Received uncaughtException. Shutting down gracefully...","timestamp":"2026-07-27T09:20:03.373Z"}
{"level":"error","message":"Redis error: getaddrinfo ENOTFOUND redis","timestamp":"2026-07-27T09:20:03.481Z"}
{"level":"warn","message":"Redis connection closed","timestamp":"2026-07-27T09:20:03.485Z"}
{"level":"warn","message":"Redis unavailable at startup: Connection is closed.","timestamp":"2026-07-27T09:20:03.486Z"}
{"level":"error","message":"Uncaught Exception: Error: listen EADDRINUSE: address already in use 0.0.0.0:8080\n    at Server.setupListenHandle [as _listen2] (node:net:1907:16)\n    at listenInCluster (node:net:1964:12)\n    at node:net:2170:7\n    at process.processTicksAndRejections (node:internal/process/task_queues:90:21)","timestamp":"2026-07-27T09:20:03.489Z"}
{"level":"info","message":"Received uncaughtException. Shutting down gracefully...","timestamp":"2026-07-27T09:20:03.489Z"}
{"level":"error","message":"Redis error: getaddrinfo ENOTFOUND redis","timestamp":"2026-07-27T09:20:03.495Z"}
{"level":"error","message":"Redis error: getaddrinfo ENOTFOUND redis","timestamp":"2026-07-27T09:20:03.493Z"}
{"level":"error","message":"Redis error: getaddrinfo ENOTFOUND redis","timestamp":"2026-07-27T09:20:03.498Z"}
{"level":"warn","message":"Redis connection closed","timestamp":"2026-07-27T09:20:03.498Z"}
{"level":"warn","message":"Redis unavailable at startup: Connection is closed.","timestamp":"2026-07-27T09:20:03.498Z"}
{"level":"error","message":"Uncaught Exception: Error: listen EADDRINUSE: address already in use 0.0.0.0:8080\n    at Server.setupListenHandle [as _listen2] (node:net:1907:16)\n    at listenInCluster (node:net:1964:12)\n    at node:net:2170:7\n    at process.processTicksAndRejections (node:internal/process/task_queues:90:21)","timestamp":"2026-07-27T09:20:03.501Z"}
{"level":"info","message":"Received uncaughtException. Shutting down gracefully...","timestamp":"2026-07-27T09:20:03.501Z"}
{"level":"warn","message":"Redis connection closed","timestamp":"2026-07-27T09:20:03.499Z"}
{"level":"warn","message":"Redis unavailable at startup: Connection is closed.","timestamp":"2026-07-27T09:20:03.499Z"}
{"level":"error","message":"Uncaught Exception: Error: listen EADDRINUSE: address already in use 0.0.0.0:8080\n    at Server.setupListenHandle [as _listen2] (node:net:1907:16)\n    at listenInCluster (node:net:1964:12)\n    at node:net:2170:7\n    at process.processTicksAndRejections (node:internal/process/task_queues:90:21)","timestamp":"2026-07-27T09:20:03.502Z"}
{"level":"info","message":"Received uncaughtException. Shutting down gracefully...","timestamp":"2026-07-27T09:20:03.503Z"}
{"level":"warn","message":"Redis connection closed","timestamp":"2026-07-27T09:20:03.503Z"}
{"level":"warn","message":"Redis unavailable at startup: Connection is closed.","timestamp":"2026-07-27T09:20:03.503Z"}
{"level":"error","message":"Uncaught Exception: Error: listen EADDRINUSE: address already in use 0.0.0.0:8080\n    at Server.setupListenHandle [as _listen2] (node:net:1907:16)\n    at listenInCluster (node:net:1964:12)\n    at node:net:2170:7\n    at process.processTicksAndRejections (node:internal/process/task_queues:90:21)","timestamp":"2026-07-27T09:20:03.507Z"}
{"level":"info","message":"Received uncaughtException. Shutting down gracefully...","timestamp":"2026-07-27T09:20:03.508Z"}
{"level":"error","message":"Redis error: getaddrinfo ENOTFOUND redis","timestamp":"2026-07-27T09:20:03.547Z"}
{"level":"warn","message":"Redis connection closed","timestamp":"2026-07-27T09:20:03.551Z"}
{"level":"warn","message":"Redis unavailable at startup: Connection is closed.","timestamp":"2026-07-27T09:20:03.551Z"}
{"level":"error","message":"Uncaught Exception: Error: listen EADDRINUSE: address already in use 0.0.0.0:8080\n    at Server.setupListenHandle [as _listen2] (node:net:1907:16)\n    at listenInCluster (node:net:1964:12)\n    at node:net:2170:7\n    at process.processTicksAndRejections (node:internal/process/task_queues:90:21)","timestamp":"2026-07-27T09:20:03.553Z"}
{"level":"info","message":"Received uncaughtException. Shutting down gracefully...","timestamp":"2026-07-27T09:20:03.554Z"}
{"level":"error","message":"Redis error: getaddrinfo ENOTFOUND redis","timestamp":"2026-07-27T09:20:03.743Z"}
{"level":"warn","message":"Redis connection closed","timestamp":"2026-07-27T09:20:03.743Z"}
{"level":"error","message":"Redis error: getaddrinfo ENOTFOUND redis","timestamp":"2026-07-27T09:20:07.307Z"}
{"level":"warn","message":"Redis connection closed","timestamp":"2026-07-27T09:20:07.308Z"}
{"level":"error","message":"Redis error: getaddrinfo ENOTFOUND redis","timestamp":"2026-07-27T09:20:10.938Z"}
{"level":"warn","message":"Redis connection closed","timestamp":"2026-07-27T09:20:10.938Z"}
{"level":"error","message":"Redis error: getaddrinfo ENOTFOUND redis","timestamp":"2026-07-27T09:20:14.607Z"}
{"level":"warn","message":"Redis connection closed","timestamp":"2026-07-27T09:20:14.607Z"}
{"level":"error","message":"Redis error: getaddrinfo ENOTFOUND redis","timestamp":"2026-07-27T09:20:18.341Z"}
{"level":"warn","message":"Redis connection closed","timestamp":"2026-07-27T09:20:18.342Z"}
{"level":"error","message":"Redis error: getaddrinfo ENOTFOUND redis","timestamp":"2026-07-27T09:20:20.291Z"}
{"level":"warn","message":"Redis connection closed","timestamp":"2026-07-27T09:20:20.295Z"}
{"level":"warn","message":"Redis unavailable at startup: Connection is closed.","timestamp":"2026-07-27T09:20:20.296Z"}
{"level":"error","message":"Uncaught Exception: Error: listen EADDRINUSE: address already in use 0.0.0.0:8080\n    at Server.setupListenHandle [as _listen2] (node:net:1907:16)\n    at listenInCluster (node:net:1964:12)\n    at node:net:2170:7\n    at process.processTicksAndRejections (node:internal/process/task_queues:90:21)","timestamp":"2026-07-27T09:20:20.299Z"}
{"level":"info","message":"Received uncaughtException. Shutting down gracefully...","timestamp":"2026-07-27T09:20:20.300Z"}
{"level":"error","message":"Redis error: getaddrinfo ENOTFOUND redis","timestamp":"2026-07-27T09:20:22.124Z"}
{"level":"warn","message":"Redis connection closed","timestamp":"2026-07-27T09:20:22.124Z"}
{"level":"error","message":"Redis error: getaddrinfo ENOTFOUND redis","timestamp":"2026-07-27T09:20:25.966Z"}
{"level":"warn","message":"Redis connection closed","timestamp":"2026-07-27T09:20:25.967Z"}
{"level":"error","message":"Redis error: getaddrinfo ENOTFOUND redis","timestamp":"2026-07-27T09:20:29.851Z"}
{"level":"warn","message":"Redis connection closed","timestamp":"2026-07-27T09:20:29.852Z"}
{"level":"error","message":"Redis error: getaddrinfo ENOTFOUND redis","timestamp":"2026-07-27T09:20:33.775Z"}
{"level":"warn","message":"Redis connection closed","timestamp":"2026-07-27T09:20:33.776Z"}
{"level":"error","message":"Redis error: getaddrinfo ENOTFOUND redis","timestamp":"2026-07-27T09:20:37.787Z"}
{"level":"warn","message":"Redis connection closed","timestamp":"2026-07-27T09:20:37.788Z"}
{"level":"error","message":"Redis error: getaddrinfo ENOTFOUND redis","timestamp":"2026-07-27T09:20:41.806Z"}
{"level":"warn","message":"Redis connection closed","timestamp":"2026-07-27T09:20:41.806Z"}
{"level":"error","message":"Redis error: getaddrinfo ENOTFOUND redis","timestamp":"2026-07-27T09:20:46.288Z"}
{"level":"warn","message":"Redis connection closed","timestamp":"2026-07-27T09:20:46.288Z"}
{"level":"error","message":"Redis error: getaddrinfo ENOTFOUND redis","timestamp":"2026-07-27T09:20:50.429Z"}
{"level":"warn","message":"Redis connection closed","timestamp":"2026-07-27T09:20:50.430Z"}
{"level":"error","message":"Redis error: getaddrinfo ENOTFOUND redis","timestamp":"2026-07-27T09:20:54.595Z"}
{"level":"warn","message":"Redis connection closed","timestamp":"2026-07-27T09:20:54.595Z"}
{"level":"error","message":"Redis error: getaddrinfo ENOTFOUND redis","timestamp":"2026-07-27T09:20:58.827Z"}
{"level":"warn","message":"Redis connection closed","timestamp":"2026-07-27T09:20:58.828Z"}
{"level":"error","message":"Redis error: getaddrinfo ENOTFOUND redis","timestamp":"2026-07-27T09:21:03.526Z"}
{"level":"warn","message":"Redis connection closed","timestamp":"2026-07-27T09:21:03.526Z"}
{"level":"error","message":"Redis error: getaddrinfo ENOTFOUND redis","timestamp":"2026-07-27T09:21:07.034Z"}
{"level":"warn","message":"Redis connection closed","timestamp":"2026-07-27T09:21:07.037Z"}
{"level":"warn","message":"Redis unavailable at startup: Connection is closed.","timestamp":"2026-07-27T09:21:07.038Z"}
{"level":"error","message":"Uncaught Exception: Error: listen EADDRINUSE: address already in use 0.0.0.0:8080\n    at Server.setupListenHandle [as _listen2] (node:net:1907:16)\n    at listenInCluster (node:net:1964:12)\n    at node:net:2170:7\n    at process.processTicksAndRejections (node:internal/process/task_queues:90:21)","timestamp":"2026-07-27T09:21:07.040Z"}
{"level":"info","message":"Received uncaughtException. Shutting down gracefully...","timestamp":"2026-07-27T09:21:07.040Z"}
{"level":"error","message":"Redis error: getaddrinfo ENOTFOUND redis","timestamp":"2026-07-27T09:21:07.809Z"}
{"level":"warn","message":"Redis connection closed","timestamp":"2026-07-27T09:21:07.809Z"}
{"level":"error","message":"Redis error: getaddrinfo ENOTFOUND redis","timestamp":"2026-07-27T09:21:12.524Z"}
{"level":"warn","message":"Redis connection closed","timestamp":"2026-07-27T09:21:12.525Z"}
{"level":"error","message":"Redis error: getaddrinfo ENOTFOUND redis","timestamp":"2026-07-27T09:21:16.820Z"}
{"level":"warn","message":"Redis connection closed","timestamp":"2026-07-27T09:21:16.821Z"}
{"level":"error","message":"Redis error: getaddrinfo ENOTFOUND redis","timestamp":"2026-07-27T09:21:21.514Z"}
{"level":"warn","message":"Redis connection closed","timestamp":"2026-07-27T09:21:21.514Z"}
{"level":"error","message":"Redis error: getaddrinfo ENOTFOUND redis","timestamp":"2026-07-27T09:21:25.792Z"}
{"level":"warn","message":"Redis connection closed","timestamp":"2026-07-27T09:21:25.793Z"}
{"level":"error","message":"Redis error: getaddrinfo ENOTFOUND redis","timestamp":"2026-07-27T09:21:30.476Z"}
{"level":"warn","message":"Redis connection closed","timestamp":"2026-07-27T09:21:30.477Z"}
{"level":"error","message":"Redis error: getaddrinfo ENOTFOUND redis","timestamp":"2026-07-27T09:21:34.757Z"}
{"level":"warn","message":"Redis connection closed","timestamp":"2026-07-27T09:21:34.758Z"}
{"level":"error","message":"Redis error: getaddrinfo ENOTFOUND redis","timestamp":"2026-07-27T09:21:39.443Z"}
{"level":"warn","message":"Redis connection closed","timestamp":"2026-07-27T09:21:39.443Z"}
{"level":"error","message":"Redis error: getaddrinfo ENOTFOUND redis","timestamp":"2026-07-27T09:21:43.726Z"}
{"level":"warn","message":"Redis connection closed","timestamp":"2026-07-27T09:21:43.726Z"}
{"level":"error","message":"Redis error: getaddrinfo ENOTFOUND redis","timestamp":"2026-07-27T09:21:48.424Z"}
{"level":"warn","message":"Redis connection closed","timestamp":"2026-07-27T09:21:48.425Z"}
{"level":"error","message":"Redis error: getaddrinfo ENOTFOUND redis","timestamp":"2026-07-27T09:21:52.691Z"}
{"level":"warn","message":"Redis connection closed","timestamp":"2026-07-27T09:21:52.692Z"}
{"level":"error","message":"Redis error: getaddrinfo ENOTFOUND redis","timestamp":"2026-07-27T09:21:57.404Z"}
{"level":"warn","message":"Redis connection closed","timestamp":"2026-07-27T09:21:57.405Z"}
{"level":"error","message":"Redis error: getaddrinfo ENOTFOUND redis","timestamp":"2026-07-27T09:22:01.672Z"}
{"level":"warn","message":"Redis connection closed","timestamp":"2026-07-27T09:22:01.672Z"}
{"level":"error","message":"Redis error: getaddrinfo ENOTFOUND redis","timestamp":"2026-07-27T09:22:06.374Z"}
{"level":"warn","message":"Redis connection closed","timestamp":"2026-07-27T09:22:06.375Z"}
{"level":"error","message":"Redis error: getaddrinfo ENOTFOUND redis","timestamp":"2026-07-27T09:22:10.657Z"}
{"level":"warn","message":"Redis connection closed","timestamp":"2026-07-27T09:22:10.658Z"}
{"level":"error","message":"Redis error: getaddrinfo ENOTFOUND redis","timestamp":"2026-07-27T09:22:15.347Z"}
{"level":"warn","message":"Redis connection closed","timestamp":"2026-07-27T09:22:15.347Z"}
{"level":"error","message":"Redis error: getaddrinfo ENOTFOUND redis","timestamp":"2026-07-27T09:22:19.649Z"}
{"level":"warn","message":"Redis connection closed","timestamp":"2026-07-27T09:22:19.649Z"}
{"level":"error","message":"Redis error: getaddrinfo ENOTFOUND redis","timestamp":"2026-07-27T09:22:24.339Z"}
{"level":"warn","message":"Redis connection closed","timestamp":"2026-07-27T09:22:24.340Z"}
{"level":"error","message":"Redis error: getaddrinfo ENOTFOUND redis","timestamp":"2026-07-27T09:22:28.630Z"}
{"level":"warn","message":"Redis connection closed","timestamp":"2026-07-27T09:22:28.631Z"}
{"level":"error","message":"Redis error: getaddrinfo ENOTFOUND redis","timestamp":"2026-07-27T09:22:33.314Z"}
{"level":"warn","message":"Redis connection closed","timestamp":"2026-07-27T09:22:33.315Z"}
{"level":"error","message":"Redis error: getaddrinfo ENOTFOUND redis","timestamp":"2026-07-27T09:22:37.599Z"}
{"level":"warn","message":"Redis connection closed","timestamp":"2026-07-27T09:22:37.600Z"}
{"level":"error","message":"Redis error: getaddrinfo ENOTFOUND redis","timestamp":"2026-07-27T09:22:42.301Z"}
{"level":"warn","message":"Redis connection closed","timestamp":"2026-07-27T09:22:42.302Z"}
{"level":"error","message":"Redis error: getaddrinfo ENOTFOUND redis","timestamp":"2026-07-27T09:22:46.590Z"}
{"level":"warn","message":"Redis connection closed","timestamp":"2026-07-27T09:22:46.590Z"}
{"level":"error","message":"Redis error: getaddrinfo ENOTFOUND redis","timestamp":"2026-07-27T09:22:51.265Z"}
{"level":"warn","message":"Redis connection closed","timestamp":"2026-07-27T09:22:51.266Z"}
{"level":"error","message":"Redis error: getaddrinfo ENOTFOUND redis","timestamp":"2026-07-27T09:22:55.524Z"}
{"level":"warn","message":"Redis connection closed","timestamp":"2026-07-27T09:22:55.525Z"}
{"level":"error","message":"Redis error: getaddrinfo ENOTFOUND redis","timestamp":"2026-07-27T09:22:59.810Z"}
{"level":"warn","message":"Redis connection closed","timestamp":"2026-07-27T09:22:59.811Z"}
{"level":"error","message":"Redis error: getaddrinfo ENOTFOUND redis","timestamp":"2026-07-27T09:23:04.512Z"}
{"level":"warn","message":"Redis connection closed","timestamp":"2026-07-27T09:23:04.512Z"}
{"level":"error","message":"Redis error: getaddrinfo ENOTFOUND redis","timestamp":"2026-07-27T09:23:08.802Z"}
{"level":"warn","message":"Redis connection closed","timestamp":"2026-07-27T09:23:08.802Z"}
{"level":"error","message":"Redis error: getaddrinfo ENOTFOUND redis","timestamp":"2026-07-27T09:23:13.488Z"}
{"level":"warn","message":"Redis connection closed","timestamp":"2026-07-27T09:23:13.489Z"}
{"level":"error","message":"Redis error: getaddrinfo ENOTFOUND redis","timestamp":"2026-07-27T09:23:17.771Z"}
{"level":"warn","message":"Redis connection closed","timestamp":"2026-07-27T09:23:17.771Z"}
{"level":"error","message":"Redis error: getaddrinfo ENOTFOUND redis","timestamp":"2026-07-27T09:23:22.478Z"}
{"level":"warn","message":"Redis connection closed","timestamp":"2026-07-27T09:23:22.478Z"}
{"level":"error","message":"Redis error: getaddrinfo ENOTFOUND redis","timestamp":"2026-07-27T09:23:26.754Z"}
{"level":"warn","message":"Redis connection closed","timestamp":"2026-07-27T09:23:26.755Z"}
{"level":"error","message":"Redis error: getaddrinfo ENOTFOUND redis","timestamp":"2026-07-27T09:23:31.455Z"}
{"level":"warn","message":"Redis connection closed","timestamp":"2026-07-27T09:23:31.456Z"}
{"level":"error","message":"Redis error: getaddrinfo ENOTFOUND redis","timestamp":"2026-07-27T09:23:35.732Z"}
{"level":"warn","message":"Redis connection closed","timestamp":"2026-07-27T09:23:35.733Z"}
{"level":"error","message":"Redis error: getaddrinfo ENOTFOUND redis","timestamp":"2026-07-27T09:23:40.422Z"}
{"level":"warn","message":"Redis connection closed","timestamp":"2026-07-27T09:23:40.423Z"}
{"level":"error","message":"Redis error: getaddrinfo ENOTFOUND redis","timestamp":"2026-07-27T09:23:44.702Z"}
{"level":"warn","message":"Redis connection closed","timestamp":"2026-07-27T09:23:44.702Z"}
{"level":"error","message":"Redis error: getaddrinfo ENOTFOUND redis","timestamp":"2026-07-27T09:23:49.419Z"}
{"level":"warn","message":"Redis connection closed","timestamp":"2026-07-27T09:23:49.420Z"}
{"level":"error","message":"Redis error: getaddrinfo ENOTFOUND redis","timestamp":"2026-07-27T09:23:51.550Z"}
{"level":"warn","message":"Redis connection closed","timestamp":"2026-07-27T09:23:51.554Z"}
{"level":"warn","message":"Redis unavailable at startup: Connection is closed.","timestamp":"2026-07-27T09:23:51.555Z"}
{"level":"error","message":"Uncaught Exception: Error: listen EADDRINUSE: address already in use 0.0.0.0:8080\n    at Server.setupListenHandle [as _listen2] (node:net:1907:16)\n    at listenInCluster (node:net:1964:12)\n    at node:net:2170:7\n    at process.processTicksAndRejections (node:internal/process/task_queues:90:21)","timestamp":"2026-07-27T09:23:51.558Z"}
{"level":"info","message":"Received uncaughtException. Shutting down gracefully...","timestamp":"2026-07-27T09:23:51.559Z"}
{"level":"error","message":"Redis error: getaddrinfo ENOTFOUND redis","timestamp":"2026-07-27T09:23:53.715Z"}
{"level":"warn","message":"Redis connection closed","timestamp":"2026-07-27T09:23:53.715Z"}
{"level":"error","message":"Redis error: getaddrinfo ENOTFOUND redis","timestamp":"2026-07-27T09:23:58.416Z"}
{"level":"warn","message":"Redis connection closed","timestamp":"2026-07-27T09:23:58.417Z"}
{"level":"error","message":"Redis error: getaddrinfo ENOTFOUND redis","timestamp":"2026-07-27T09:24:02.697Z"}
{"level":"warn","message":"Redis connection closed","timestamp":"2026-07-27T09:24:02.698Z"}
{"level":"error","message":"Redis error: getaddrinfo ENOTFOUND redis","timestamp":"2026-07-27T09:24:07.401Z"}
{"level":"warn","message":"Redis connection closed","timestamp":"2026-07-27T09:24:07.401Z"}
{"level":"error","message":"Redis error: getaddrinfo ENOTFOUND redis","timestamp":"2026-07-27T09:24:11.680Z"}
{"level":"warn","message":"Redis connection closed","timestamp":"2026-07-27T09:24:11.680Z"}
{"level":"error","message":"Redis error: getaddrinfo ENOTFOUND redis","timestamp":"2026-07-27T09:24:16.393Z"}
{"level":"warn","message":"Redis connection closed","timestamp":"2026-07-27T09:24:16.393Z"}
{"level":"error","message":"Redis error: getaddrinfo ENOTFOUND redis","timestamp":"2026-07-27T09:24:20.681Z"}
{"level":"warn","message":"Redis connection closed","timestamp":"2026-07-27T09:24:20.681Z"}
{"level":"error","message":"Redis error: getaddrinfo ENOTFOUND redis","timestamp":"2026-07-27T09:24:25.387Z"}
{"level":"warn","message":"Redis connection closed","timestamp":"2026-07-27T09:24:25.387Z"}
{"level":"error","message":"Redis error: getaddrinfo ENOTFOUND redis","timestamp":"2026-07-27T09:24:29.650Z"}
{"level":"warn","message":"Redis connection closed","timestamp":"2026-07-27T09:24:29.651Z"}
{"level":"error","message":"Redis error: getaddrinfo ENOTFOUND redis","timestamp":"2026-07-27T09:24:34.384Z"}
{"level":"warn","message":"Redis connection closed","timestamp":"2026-07-27T09:24:34.384Z"}
{"level":"error","message":"Redis error: getaddrinfo ENOTFOUND redis","timestamp":"2026-07-27T09:24:38.670Z"}
{"level":"warn","message":"Redis connection closed","timestamp":"2026-07-27T09:24:38.671Z"}
{"level":"error","message":"Redis error: getaddrinfo ENOTFOUND redis","timestamp":"2026-07-27T09:24:43.385Z"}
{"level":"warn","message":"Redis connection closed","timestamp":"2026-07-27T09:24:43.385Z"}
{"level":"error","message":"Redis error: getaddrinfo ENOTFOUND redis","timestamp":"2026-07-27T09:24:47.677Z"}
{"level":"warn","message":"Redis connection closed","timestamp":"2026-07-27T09:24:47.678Z"}
{"level":"error","message":"Redis error: getaddrinfo ENOTFOUND redis","timestamp":"2026-07-27T09:24:52.383Z"}
{"level":"warn","message":"Redis connection closed","timestamp":"2026-07-27T09:24:52.384Z"}
{"level":"error","message":"Redis error: getaddrinfo ENOTFOUND redis","timestamp":"2026-07-27T09:24:56.655Z"}
{"level":"warn","message":"Redis connection closed","timestamp":"2026-07-27T09:24:56.656Z"}
{"level":"error","message":"Redis error: getaddrinfo ENOTFOUND redis","timestamp":"2026-07-27T09:25:01.351Z"}
{"level":"warn","message":"Redis connection closed","timestamp":"2026-07-27T09:25:01.351Z"}
{"level":"error","message":"Redis error: getaddrinfo ENOTFOUND redis","timestamp":"2026-07-27T09:25:05.621Z"}
{"level":"warn","message":"Redis connection closed","timestamp":"2026-07-27T09:25:05.622Z"}
{"level":"error","message":"Redis error: getaddrinfo ENOTFOUND redis","timestamp":"2026-07-27T09:25:10.300Z"}
{"level":"warn","message":"Redis connection closed","timestamp":"2026-07-27T09:25:10.300Z"}
{"level":"error","message":"Redis error: getaddrinfo ENOTFOUND redis","timestamp":"2026-07-27T09:25:14.583Z"}
{"level":"warn","message":"Redis connection closed","timestamp":"2026-07-27T09:25:14.584Z"}
{"level":"error","message":"Redis error: getaddrinfo ENOTFOUND redis","timestamp":"2026-07-27T09:25:19.267Z"}
{"level":"warn","message":"Redis connection closed","timestamp":"2026-07-27T09:25:19.267Z"}
{"level":"error","message":"Redis error: getaddrinfo ENOTFOUND redis","timestamp":"2026-07-27T09:25:23.550Z"}
{"level":"warn","message":"Redis connection closed","timestamp":"2026-07-27T09:25:23.551Z"}
{"level":"error","message":"Redis error: getaddrinfo ENOTFOUND redis","timestamp":"2026-07-27T09:25:27.849Z"}
{"level":"warn","message":"Redis connection closed","timestamp":"2026-07-27T09:25:27.850Z"}
{"level":"error","message":"Redis error: getaddrinfo ENOTFOUND redis","timestamp":"2026-07-27T09:25:32.549Z"}
{"level":"warn","message":"Redis connection closed","timestamp":"2026-07-27T09:25:32.550Z"}
{"level":"error","message":"Redis error: getaddrinfo ENOTFOUND redis","timestamp":"2026-07-27T09:25:36.833Z"}
{"level":"warn","message":"Redis connection closed","timestamp":"2026-07-27T09:25:36.834Z"}
{"level":"error","message":"Redis error: getaddrinfo ENOTFOUND redis","timestamp":"2026-07-27T09:25:41.533Z"}
{"level":"warn","message":"Redis connection closed","timestamp":"2026-07-27T09:25:41.534Z"}
{"level":"error","message":"Redis error: getaddrinfo ENOTFOUND redis","timestamp":"2026-07-27T09:25:45.832Z"}
{"level":"warn","message":"Redis connection closed","timestamp":"2026-07-27T09:25:45.833Z"}
{"level":"error","message":"Redis error: getaddrinfo ENOTFOUND redis","timestamp":"2026-07-27T09:25:50.531Z"}
{"level":"warn","message":"Redis connection closed","timestamp":"2026-07-27T09:25:50.532Z"}
{"level":"error","message":"Redis error: getaddrinfo ENOTFOUND redis","timestamp":"2026-07-27T09:25:54.833Z"}
{"level":"warn","message":"Redis connection closed","timestamp":"2026-07-27T09:25:54.833Z"}
{"level":"error","message":"Redis error: getaddrinfo ENOTFOUND redis","timestamp":"2026-07-27T09:25:59.534Z"}
{"level":"warn","message":"Redis connection closed","timestamp":"2026-07-27T09:25:59.535Z"}
{"level":"error","message":"Redis error: getaddrinfo ENOTFOUND redis","timestamp":"2026-07-27T09:26:03.798Z"}
{"level":"warn","message":"Redis connection closed","timestamp":"2026-07-27T09:26:03.799Z"}
{"level":"error","message":"Redis error: getaddrinfo ENOTFOUND redis","timestamp":"2026-07-27T09:26:08.484Z"}
{"level":"warn","message":"Redis connection closed","timestamp":"2026-07-27T09:26:08.485Z"}
{"level":"error","message":"Redis error: getaddrinfo ENOTFOUND redis","timestamp":"2026-07-27T09:26:12.751Z"}
{"level":"warn","message":"Redis connection closed","timestamp":"2026-07-27T09:26:12.752Z"}
{"level":"error","message":"Redis error: getaddrinfo ENOTFOUND redis","timestamp":"2026-07-27T09:26:17.455Z"}
{"level":"warn","message":"Redis connection closed","timestamp":"2026-07-27T09:26:17.455Z"}
{"level":"error","message":"Redis error: getaddrinfo ENOTFOUND redis","timestamp":"2026-07-27T09:26:21.746Z"}
{"level":"warn","message":"Redis connection closed","timestamp":"2026-07-27T09:26:21.747Z"}
{"level":"error","message":"Redis error: getaddrinfo ENOTFOUND redis","timestamp":"2026-07-27T09:26:26.433Z"}
{"level":"warn","message":"Redis connection closed","timestamp":"2026-07-27T09:26:26.433Z"}
{"level":"error","message":"Redis error: getaddrinfo ENOTFOUND redis","timestamp":"2026-07-27T09:26:30.715Z"}
{"level":"warn","message":"Redis connection closed","timestamp":"2026-07-27T09:26:30.716Z"}
{"level":"error","message":"Redis error: getaddrinfo ENOTFOUND redis","timestamp":"2026-07-27T09:26:35.405Z"}
{"level":"warn","message":"Redis connection closed","timestamp":"2026-07-27T09:26:35.405Z"}
{"level":"error","message":"Redis error: getaddrinfo ENOTFOUND redis","timestamp":"2026-07-27T09:26:39.681Z"}
{"level":"warn","message":"Redis connection closed","timestamp":"2026-07-27T09:26:39.681Z"}
{"level":"error","message":"Redis error: getaddrinfo ENOTFOUND redis","timestamp":"2026-07-27T09:26:44.363Z"}
{"level":"warn","message":"Redis connection closed","timestamp":"2026-07-27T09:26:44.364Z"}
{"level":"error","message":"Redis error: getaddrinfo ENOTFOUND redis","timestamp":"2026-07-27T09:26:48.634Z"}
{"level":"warn","message":"Redis connection closed","timestamp":"2026-07-27T09:26:48.634Z"}
{"level":"error","message":"Redis error: getaddrinfo ENOTFOUND redis","timestamp":"2026-07-27T09:26:53.339Z"}
{"level":"warn","message":"Redis connection closed","timestamp":"2026-07-27T09:26:53.340Z"}
{"level":"error","message":"Redis error: getaddrinfo ENOTFOUND redis","timestamp":"2026-07-27T09:26:57.637Z"}
{"level":"warn","message":"Redis connection closed","timestamp":"2026-07-27T09:26:57.637Z"}
{"level":"error","message":"Redis error: getaddrinfo ENOTFOUND redis","timestamp":"2026-07-27T09:27:02.329Z"}
{"level":"warn","message":"Redis connection closed","timestamp":"2026-07-27T09:27:02.330Z"}
{"level":"error","message":"Redis error: getaddrinfo ENOTFOUND redis","timestamp":"2026-07-27T09:27:06.609Z"}
{"level":"warn","message":"Redis connection closed","timestamp":"2026-07-27T09:27:06.610Z"}
{"level":"error","message":"Redis error: getaddrinfo ENOTFOUND redis","timestamp":"2026-07-27T09:27:11.311Z"}
{"level":"warn","message":"Redis connection closed","timestamp":"2026-07-27T09:27:11.312Z"}
{"level":"error","message":"Redis error: getaddrinfo ENOTFOUND redis","timestamp":"2026-07-27T09:27:15.592Z"}
{"level":"warn","message":"Redis connection closed","timestamp":"2026-07-27T09:27:15.593Z"}
{"level":"error","message":"Redis error: getaddrinfo ENOTFOUND redis","timestamp":"2026-07-27T09:27:20.309Z"}
{"level":"warn","message":"Redis connection closed","timestamp":"2026-07-27T09:27:20.310Z"}
{"level":"error","message":"Redis error: getaddrinfo ENOTFOUND redis","timestamp":"2026-07-27T09:27:24.583Z"}
{"level":"warn","message":"Redis connection closed","timestamp":"2026-07-27T09:27:24.584Z"}
{"level":"error","message":"Redis error: getaddrinfo ENOTFOUND redis","timestamp":"2026-07-27T09:27:29.288Z"}
{"level":"warn","message":"Redis connection closed","timestamp":"2026-07-27T09:27:29.289Z"}
{"level":"error","message":"Redis error: getaddrinfo ENOTFOUND redis","timestamp":"2026-07-27T09:27:33.558Z"}
{"level":"warn","message":"Redis connection closed","timestamp":"2026-07-27T09:27:33.559Z"}
{"level":"error","message":"Redis error: getaddrinfo ENOTFOUND redis","timestamp":"2026-07-27T09:27:37.839Z"}
{"level":"warn","message":"Redis connection closed","timestamp":"2026-07-27T09:27:37.840Z"}
{"level":"error","message":"Redis error: getaddrinfo ENOTFOUND redis","timestamp":"2026-07-27T09:27:42.544Z"}
{"level":"warn","message":"Redis connection closed","timestamp":"2026-07-27T09:27:42.545Z"}
{"level":"error","message":"Redis error: getaddrinfo ENOTFOUND redis","timestamp":"2026-07-27T09:27:46.824Z"}
{"level":"warn","message":"Redis connection closed","timestamp":"2026-07-27T09:27:46.824Z"}
{"level":"error","message":"Redis error: getaddrinfo ENOTFOUND redis","timestamp":"2026-07-27T09:27:51.512Z"}
{"level":"warn","message":"Redis connection closed","timestamp":"2026-07-27T09:27:51.513Z"}
{"level":"error","message":"Redis error: getaddrinfo ENOTFOUND redis","timestamp":"2026-07-27T09:27:55.791Z"}
{"level":"warn","message":"Redis connection closed","timestamp":"2026-07-27T09:27:55.792Z"}
{"level":"error","message":"Redis error: getaddrinfo ENOTFOUND redis","timestamp":"2026-07-27T09:28:00.462Z"}
{"level":"warn","message":"Redis connection closed","timestamp":"2026-07-27T09:28:00.462Z"}
{"level":"error","message":"Redis error: getaddrinfo ENOTFOUND redis","timestamp":"2026-07-27T09:28:04.730Z"}
{"level":"warn","message":"Redis connection closed","timestamp":"2026-07-27T09:28:04.731Z"}
{"level":"error","message":"Redis error: getaddrinfo ENOTFOUND redis","timestamp":"2026-07-27T09:28:09.428Z"}
{"level":"warn","message":"Redis connection closed","timestamp":"2026-07-27T09:28:09.429Z"}
{"level":"error","message":"Redis error: getaddrinfo ENOTFOUND redis","timestamp":"2026-07-27T09:28:13.711Z"}
{"level":"warn","message":"Redis connection closed","timestamp":"2026-07-27T09:28:13.712Z"}
{"level":"error","message":"Redis error: getaddrinfo ENOTFOUND redis","timestamp":"2026-07-27T09:28:18.398Z"}
{"level":"warn","message":"Redis connection closed","timestamp":"2026-07-27T09:28:18.398Z"}
{"level":"error","message":"Redis error: getaddrinfo ENOTFOUND redis","timestamp":"2026-07-27T09:28:22.691Z"}
{"level":"warn","message":"Redis connection closed","timestamp":"2026-07-27T09:28:22.692Z"}
{"level":"error","message":"Redis error: getaddrinfo ENOTFOUND redis","timestamp":"2026-07-27T09:28:27.361Z"}
{"level":"warn","message":"Redis connection closed","timestamp":"2026-07-27T09:28:27.361Z"}
{"level":"error","message":"Redis error: getaddrinfo ENOTFOUND redis","timestamp":"2026-07-27T09:28:31.643Z"}
{"level":"warn","message":"Redis connection closed","timestamp":"2026-07-27T09:28:31.644Z"}
{"level":"error","message":"Redis error: getaddrinfo ENOTFOUND redis","timestamp":"2026-07-27T09:28:36.359Z"}
{"level":"warn","message":"Redis connection closed","timestamp":"2026-07-27T09:28:36.360Z"}
{"level":"error","message":"Redis error: getaddrinfo ENOTFOUND redis","timestamp":"2026-07-27T09:28:40.626Z"}
{"level":"warn","message":"Redis connection closed","timestamp":"2026-07-27T09:28:40.627Z"}
{"level":"error","message":"Redis error: getaddrinfo ENOTFOUND redis","timestamp":"2026-07-27T09:28:45.325Z"}
{"level":"warn","message":"Redis connection closed","timestamp":"2026-07-27T09:28:45.326Z"}
{"level":"error","message":"Redis error: getaddrinfo ENOTFOUND redis","timestamp":"2026-07-27T09:28:49.625Z"}
{"level":"warn","message":"Redis connection closed","timestamp":"2026-07-27T09:28:49.626Z"}
{"level":"error","message":"Redis error: getaddrinfo ENOTFOUND redis","timestamp":"2026-07-27T09:28:54.325Z"}
{"level":"warn","message":"Redis connection closed","timestamp":"2026-07-27T09:28:54.326Z"}
{"level":"error","message":"Redis error: getaddrinfo ENOTFOUND redis","timestamp":"2026-07-27T09:28:58.625Z"}
{"level":"warn","message":"Redis connection closed","timestamp":"2026-07-27T09:28:58.625Z"}
{"level":"error","message":"Redis error: getaddrinfo ENOTFOUND redis","timestamp":"2026-07-27T09:29:03.341Z"}
{"level":"warn","message":"Redis connection closed","timestamp":"2026-07-27T09:29:03.342Z"}
{"level":"error","message":"Redis error: getaddrinfo ENOTFOUND redis","timestamp":"2026-07-27T09:29:07.608Z"}
{"level":"warn","message":"Redis connection closed","timestamp":"2026-07-27T09:29:07.609Z"}
{"level":"error","message":"Redis error: getaddrinfo ENOTFOUND redis","timestamp":"2026-07-27T09:29:12.292Z"}
{"level":"warn","message":"Redis connection closed","timestamp":"2026-07-27T09:29:12.293Z"}
{"level":"error","message":"Redis error: getaddrinfo ENOTFOUND redis","timestamp":"2026-07-27T09:29:16.576Z"}
{"level":"warn","message":"Redis connection closed","timestamp":"2026-07-27T09:29:16.576Z"}
{"level":"error","message":"Redis error: getaddrinfo ENOTFOUND redis","timestamp":"2026-07-27T09:29:21.275Z"}
{"level":"warn","message":"Redis connection closed","timestamp":"2026-07-27T09:29:21.276Z"}
{"level":"error","message":"Redis error: getaddrinfo ENOTFOUND redis","timestamp":"2026-07-27T09:29:25.576Z"}
{"level":"warn","message":"Redis connection closed","timestamp":"2026-07-27T09:29:25.576Z"}
{"level":"error","message":"Redis error: getaddrinfo ENOTFOUND redis","timestamp":"2026-07-27T09:29:30.278Z"}
{"level":"warn","message":"Redis connection closed","timestamp":"2026-07-27T09:29:30.280Z"}
{"level":"error","message":"Redis error: getaddrinfo ENOTFOUND redis","timestamp":"2026-07-27T09:29:34.558Z"}
{"level":"warn","message":"Redis connection closed","timestamp":"2026-07-27T09:29:34.558Z"}
{"level":"error","message":"Redis error: getaddrinfo ENOTFOUND redis","timestamp":"2026-07-27T09:29:38.857Z"}
{"level":"warn","message":"Redis connection closed","timestamp":"2026-07-27T09:29:38.858Z"}
{"level":"error","message":"Redis error: getaddrinfo ENOTFOUND redis","timestamp":"2026-07-27T09:29:43.541Z"}
{"level":"warn","message":"Redis connection closed","timestamp":"2026-07-27T09:29:43.542Z"}
{"level":"error","message":"Redis error: getaddrinfo ENOTFOUND redis","timestamp":"2026-07-27T09:29:47.824Z"}
{"level":"warn","message":"Redis connection closed","timestamp":"2026-07-27T09:29:47.825Z"}
{"level":"error","message":"Redis error: getaddrinfo ENOTFOUND redis","timestamp":"2026-07-27T09:29:52.523Z"}
{"level":"warn","message":"Redis connection closed","timestamp":"2026-07-27T09:29:52.524Z"}
{"level":"error","message":"Redis error: getaddrinfo ENOTFOUND redis","timestamp":"2026-07-27T09:29:56.823Z"}
{"level":"warn","message":"Redis connection closed","timestamp":"2026-07-27T09:29:56.823Z"}
{"level":"error","message":"Redis error: getaddrinfo ENOTFOUND redis","timestamp":"2026-07-27T09:30:01.523Z"}
{"level":"warn","message":"Redis connection closed","timestamp":"2026-07-27T09:30:01.524Z"}
{"level":"error","message":"Redis error: getaddrinfo ENOTFOUND redis","timestamp":"2026-07-27T09:30:05.823Z"}
{"level":"warn","message":"Redis connection closed","timestamp":"2026-07-27T09:30:05.824Z"}
{"level":"error","message":"Redis error: getaddrinfo ENOTFOUND redis","timestamp":"2026-07-27T09:30:10.521Z"}
{"level":"warn","message":"Redis connection closed","timestamp":"2026-07-27T09:30:10.522Z"}
{"level":"error","message":"Redis error: getaddrinfo ENOTFOUND redis","timestamp":"2026-07-27T09:30:14.788Z"}
{"level":"warn","message":"Redis connection closed","timestamp":"2026-07-27T09:30:14.789Z"}
{"level":"error","message":"Redis error: getaddrinfo ENOTFOUND redis","timestamp":"2026-07-27T09:30:19.509Z"}
{"level":"warn","message":"Redis connection closed","timestamp":"2026-07-27T09:30:19.510Z"}
{"level":"error","message":"Redis error: getaddrinfo ENOTFOUND redis","timestamp":"2026-07-27T09:30:23.799Z"}
{"level":"warn","message":"Redis connection closed","timestamp":"2026-07-27T09:30:23.799Z"}
{"level":"error","message":"Redis error: getaddrinfo ENOTFOUND redis","timestamp":"2026-07-27T09:30:28.498Z"}
{"level":"warn","message":"Redis connection closed","timestamp":"2026-07-27T09:30:28.498Z"}
{"level":"error","message":"Redis error: getaddrinfo ENOTFOUND redis","timestamp":"2026-07-27T09:30:32.779Z"}
{"level":"warn","message":"Redis connection closed","timestamp":"2026-07-27T09:30:32.780Z"}
{"level":"error","message":"Redis error: getaddrinfo ENOTFOUND redis","timestamp":"2026-07-27T09:30:37.484Z"}
{"level":"warn","message":"Redis connection closed","timestamp":"2026-07-27T09:30:37.484Z"}
{"level":"error","message":"Redis error: getaddrinfo ENOTFOUND redis","timestamp":"2026-07-27T09:30:41.767Z"}
{"level":"warn","message":"Redis connection closed","timestamp":"2026-07-27T09:30:41.767Z"}
{"level":"error","message":"Redis error: getaddrinfo ENOTFOUND redis","timestamp":"2026-07-27T09:30:46.483Z"}
{"level":"warn","message":"Redis connection closed","timestamp":"2026-07-27T09:30:46.484Z"}
{"level":"error","message":"Redis error: getaddrinfo ENOTFOUND redis","timestamp":"2026-07-27T09:30:50.764Z"}
{"level":"warn","message":"Redis connection closed","timestamp":"2026-07-27T09:30:50.765Z"}
{"level":"error","message":"Redis error: getaddrinfo ENOTFOUND redis","timestamp":"2026-07-27T09:30:55.466Z"}
{"level":"warn","message":"Redis connection closed","timestamp":"2026-07-27T09:30:55.466Z"}
{"level":"error","message":"Redis error: getaddrinfo ENOTFOUND redis","timestamp":"2026-07-27T09:30:59.747Z"}
{"level":"warn","message":"Redis connection closed","timestamp":"2026-07-27T09:30:59.748Z"}
{"level":"error","message":"Redis error: getaddrinfo ENOTFOUND redis","timestamp":"2026-07-27T09:31:04.450Z"}
{"level":"warn","message":"Redis connection closed","timestamp":"2026-07-27T09:31:04.451Z"}
{"level":"error","message":"Redis error: getaddrinfo ENOTFOUND redis","timestamp":"2026-07-27T09:31:08.735Z"}
{"level":"warn","message":"Redis connection closed","timestamp":"2026-07-27T09:31:08.736Z"}
{"level":"error","message":"Redis error: getaddrinfo ENOTFOUND redis","timestamp":"2026-07-27T09:31:13.467Z"}
{"level":"warn","message":"Redis connection closed","timestamp":"2026-07-27T09:31:13.468Z"}
{"level":"error","message":"Redis error: getaddrinfo ENOTFOUND redis","timestamp":"2026-07-27T09:31:17.779Z"}
{"level":"warn","message":"Redis connection closed","timestamp":"2026-07-27T09:31:17.779Z"}
{"level":"error","message":"Redis error: getaddrinfo ENOTFOUND redis","timestamp":"2026-07-27T09:31:22.484Z"}
{"level":"warn","message":"Redis connection closed","timestamp":"2026-07-27T09:31:22.484Z"}
{"level":"error","message":"Redis error: getaddrinfo ENOTFOUND redis","timestamp":"2026-07-27T09:31:26.787Z"}
{"level":"warn","message":"Redis connection closed","timestamp":"2026-07-27T09:31:26.787Z"}
{"level":"error","message":"Redis error: getaddrinfo ENOTFOUND redis","timestamp":"2026-07-27T09:31:31.485Z"}
{"level":"warn","message":"Redis connection closed","timestamp":"2026-07-27T09:31:31.486Z"}
{"level":"error","message":"Redis error: getaddrinfo ENOTFOUND redis","timestamp":"2026-07-27T09:31:35.780Z"}
{"level":"warn","message":"Redis connection closed","timestamp":"2026-07-27T09:31:35.781Z"}
{"level":"error","message":"Redis error: getaddrinfo ENOTFOUND redis","timestamp":"2026-07-27T09:31:40.501Z"}
{"level":"warn","message":"Redis connection closed","timestamp":"2026-07-27T09:31:40.502Z"}
{"level":"error","message":"Redis error: getaddrinfo ENOTFOUND redis","timestamp":"2026-07-27T09:31:44.786Z"}
{"level":"warn","message":"Redis connection closed","timestamp":"2026-07-27T09:31:44.786Z"}
{"level":"error","message":"Redis error: getaddrinfo ENOTFOUND redis","timestamp":"2026-07-27T09:31:49.486Z"}
{"level":"warn","message":"Redis connection closed","timestamp":"2026-07-27T09:31:49.487Z"}
{"level":"error","message":"Redis error: getaddrinfo ENOTFOUND redis","timestamp":"2026-07-27T09:31:53.770Z"}
{"level":"warn","message":"Redis connection closed","timestamp":"2026-07-27T09:31:53.771Z"}
{"level":"error","message":"Redis error: getaddrinfo ENOTFOUND redis","timestamp":"2026-07-27T09:31:58.453Z"}
{"level":"warn","message":"Redis connection closed","timestamp":"2026-07-27T09:31:58.453Z"}
{"level":"error","message":"Redis error: getaddrinfo ENOTFOUND redis","timestamp":"2026-07-27T09:32:02.751Z"}
{"level":"warn","message":"Redis connection closed","timestamp":"2026-07-27T09:32:02.752Z"}
{"level":"error","message":"Redis error: getaddrinfo ENOTFOUND redis","timestamp":"2026-07-27T09:32:07.452Z"}
{"level":"warn","message":"Redis connection closed","timestamp":"2026-07-27T09:32:07.452Z"}
{"level":"error","message":"Redis error: getaddrinfo ENOTFOUND redis","timestamp":"2026-07-27T09:32:11.719Z"}
{"level":"warn","message":"Redis connection closed","timestamp":"2026-07-27T09:32:11.720Z"}
{"level":"error","message":"Redis error: getaddrinfo ENOTFOUND redis","timestamp":"2026-07-27T09:32:16.416Z"}
{"level":"warn","message":"Redis connection closed","timestamp":"2026-07-27T09:32:16.417Z"}
{"level":"error","message":"Redis error: getaddrinfo ENOTFOUND redis","timestamp":"2026-07-27T09:32:20.701Z"}
{"level":"warn","message":"Redis connection closed","timestamp":"2026-07-27T09:32:20.701Z"}
{"level":"error","message":"Redis error: getaddrinfo ENOTFOUND redis","timestamp":"2026-07-27T09:32:25.383Z"}
{"level":"warn","message":"Redis connection closed","timestamp":"2026-07-27T09:32:25.384Z"}
{"level":"error","message":"Redis error: getaddrinfo ENOTFOUND redis","timestamp":"2026-07-27T09:32:29.651Z"}
{"level":"warn","message":"Redis connection closed","timestamp":"2026-07-27T09:32:29.652Z"}
{"level":"error","message":"Redis error: getaddrinfo ENOTFOUND redis","timestamp":"2026-07-27T09:32:34.336Z"}
{"level":"warn","message":"Redis connection closed","timestamp":"2026-07-27T09:32:34.336Z"}
{"level":"error","message":"Redis error: getaddrinfo ENOTFOUND redis","timestamp":"2026-07-27T09:32:38.620Z"}
{"level":"warn","message":"Redis connection closed","timestamp":"2026-07-27T09:32:38.621Z"}
{"level":"error","message":"Redis error: getaddrinfo ENOTFOUND redis","timestamp":"2026-07-27T09:32:43.317Z"}
{"level":"warn","message":"Redis connection closed","timestamp":"2026-07-27T09:32:43.317Z"}
{"level":"error","message":"Redis error: getaddrinfo ENOTFOUND redis","timestamp":"2026-07-27T09:32:47.599Z"}
{"level":"warn","message":"Redis connection closed","timestamp":"2026-07-27T09:32:47.600Z"}
{"level":"error","message":"Redis error: getaddrinfo ENOTFOUND redis","timestamp":"2026-07-27T09:32:52.285Z"}
{"level":"warn","message":"Redis connection closed","timestamp":"2026-07-27T09:32:52.286Z"}
{"level":"error","message":"Redis error: getaddrinfo ENOTFOUND redis","timestamp":"2026-07-27T09:32:56.567Z"}
{"level":"warn","message":"Redis connection closed","timestamp":"2026-07-27T09:32:56.568Z"}
{"level":"error","message":"Redis error: getaddrinfo ENOTFOUND redis","timestamp":"2026-07-27T09:33:01.266Z"}
{"level":"warn","message":"Redis connection closed","timestamp":"2026-07-27T09:33:01.267Z"}
{"level":"error","message":"Redis error: getaddrinfo ENOTFOUND redis","timestamp":"2026-07-27T09:33:05.546Z"}
{"level":"warn","message":"Redis connection closed","timestamp":"2026-07-27T09:33:05.547Z"}
{"level":"error","message":"Redis error: getaddrinfo ENOTFOUND redis","timestamp":"2026-07-27T09:33:09.819Z"}
{"level":"warn","message":"Redis connection closed","timestamp":"2026-07-27T09:33:09.819Z"}
{"level":"error","message":"Redis error: getaddrinfo ENOTFOUND redis","timestamp":"2026-07-27T09:33:14.516Z"}
{"level":"warn","message":"Redis connection closed","timestamp":"2026-07-27T09:33:14.517Z"}
{"level":"error","message":"Redis error: getaddrinfo ENOTFOUND redis","timestamp":"2026-07-27T09:33:18.799Z"}
{"level":"warn","message":"Redis connection closed","timestamp":"2026-07-27T09:33:18.799Z"}
{"level":"error","message":"Redis error: getaddrinfo ENOTFOUND redis","timestamp":"2026-07-27T09:33:23.500Z"}
{"level":"warn","message":"Redis connection closed","timestamp":"2026-07-27T09:33:23.500Z"}
{"level":"error","message":"Redis error: getaddrinfo ENOTFOUND redis","timestamp":"2026-07-27T09:33:27.782Z"}
{"level":"warn","message":"Redis connection closed","timestamp":"2026-07-27T09:33:27.783Z"}
{"level":"error","message":"Redis error: getaddrinfo ENOTFOUND redis","timestamp":"2026-07-27T09:33:32.499Z"}
{"level":"warn","message":"Redis connection closed","timestamp":"2026-07-27T09:33:32.499Z"}
{"level":"error","message":"Redis error: getaddrinfo ENOTFOUND redis","timestamp":"2026-07-27T09:33:36.766Z"}
{"level":"warn","message":"Redis connection closed","timestamp":"2026-07-27T09:33:36.766Z"}
{"level":"error","message":"Redis error: getaddrinfo ENOTFOUND redis","timestamp":"2026-07-27T09:33:41.464Z"}
{"level":"warn","message":"Redis connection closed","timestamp":"2026-07-27T09:33:41.465Z"}
{"level":"error","message":"Redis error: getaddrinfo ENOTFOUND redis","timestamp":"2026-07-27T09:33:45.764Z"}
{"level":"warn","message":"Redis connection closed","timestamp":"2026-07-27T09:33:45.765Z"}
{"level":"error","message":"Redis error: getaddrinfo ENOTFOUND redis","timestamp":"2026-07-27T09:33:50.451Z"}
{"level":"warn","message":"Redis connection closed","timestamp":"2026-07-27T09:33:50.451Z"}
{"level":"error","message":"Redis error: getaddrinfo ENOTFOUND redis","timestamp":"2026-07-27T09:33:54.731Z"}
{"level":"warn","message":"Redis connection closed","timestamp":"2026-07-27T09:33:54.732Z"}
{"level":"error","message":"Redis error: getaddrinfo ENOTFOUND redis","timestamp":"2026-07-27T09:33:59.435Z"}
{"level":"warn","message":"Redis connection closed","timestamp":"2026-07-27T09:33:59.436Z"}
{"level":"error","message":"Redis error: getaddrinfo ENOTFOUND redis","timestamp":"2026-07-27T09:34:03.729Z"}
{"level":"warn","message":"Redis connection closed","timestamp":"2026-07-27T09:34:03.729Z"}
{"level":"error","message":"Redis error: getaddrinfo ENOTFOUND redis","timestamp":"2026-07-27T09:34:08.416Z"}
{"level":"warn","message":"Redis connection closed","timestamp":"2026-07-27T09:34:08.416Z"}
{"level":"error","message":"Redis error: getaddrinfo ENOTFOUND redis","timestamp":"2026-07-27T09:34:12.699Z"}
{"level":"warn","message":"Redis connection closed","timestamp":"2026-07-27T09:34:12.700Z"}
{"level":"error","message":"Redis error: getaddrinfo ENOTFOUND redis","timestamp":"2026-07-27T09:34:17.400Z"}
{"level":"warn","message":"Redis connection closed","timestamp":"2026-07-27T09:34:17.400Z"}
{"level":"error","message":"Redis error: getaddrinfo ENOTFOUND redis","timestamp":"2026-07-27T09:34:21.682Z"}
{"level":"warn","message":"Redis connection closed","timestamp":"2026-07-27T09:34:21.682Z"}
{"level":"error","message":"Redis error: getaddrinfo ENOTFOUND redis","timestamp":"2026-07-27T09:34:26.378Z"}
{"level":"warn","message":"Redis connection closed","timestamp":"2026-07-27T09:34:26.379Z"}
{"level":"error","message":"Redis error: getaddrinfo ENOTFOUND redis","timestamp":"2026-07-27T09:34:30.647Z"}
{"level":"warn","message":"Redis connection closed","timestamp":"2026-07-27T09:34:30.648Z"}
{"level":"error","message":"Redis error: getaddrinfo ENOTFOUND redis","timestamp":"2026-07-27T09:34:35.345Z"}
{"level":"warn","message":"Redis connection closed","timestamp":"2026-07-27T09:34:35.345Z"}
{"level":"error","message":"Redis error: getaddrinfo ENOTFOUND redis","timestamp":"2026-07-27T09:34:39.614Z"}
{"level":"warn","message":"Redis connection closed","timestamp":"2026-07-27T09:34:39.615Z"}
{"level":"error","message":"Redis error: getaddrinfo ENOTFOUND redis","timestamp":"2026-07-27T09:34:44.313Z"}
{"level":"warn","message":"Redis connection closed","timestamp":"2026-07-27T09:34:44.313Z"}
{"level":"error","message":"Redis error: getaddrinfo ENOTFOUND redis","timestamp":"2026-07-27T09:34:48.611Z"}
{"level":"warn","message":"Redis connection closed","timestamp":"2026-07-27T09:34:48.612Z"}
{"level":"error","message":"Redis error: getaddrinfo ENOTFOUND redis","timestamp":"2026-07-27T09:34:53.298Z"}
{"level":"warn","message":"Redis connection closed","timestamp":"2026-07-27T09:34:53.299Z"}
{"level":"error","message":"Redis error: getaddrinfo ENOTFOUND redis","timestamp":"2026-07-27T09:34:57.580Z"}
{"level":"warn","message":"Redis connection closed","timestamp":"2026-07-27T09:34:57.580Z"}
{"level":"error","message":"Redis error: getaddrinfo ENOTFOUND redis","timestamp":"2026-07-27T09:35:02.290Z"}
{"level":"warn","message":"Redis connection closed","timestamp":"2026-07-27T09:35:02.291Z"}
{"level":"error","message":"Redis error: getaddrinfo ENOTFOUND redis","timestamp":"2026-07-27T09:35:06.566Z"}
{"level":"warn","message":"Redis connection closed","timestamp":"2026-07-27T09:35:06.567Z"}
{"level":"error","message":"Redis error: getaddrinfo ENOTFOUND redis","timestamp":"2026-07-27T09:35:10.834Z"}
{"level":"warn","message":"Redis connection closed","timestamp":"2026-07-27T09:35:10.834Z"}
{"level":"error","message":"Unhandled error: Error: CORS blocked: https://manager-portal-21.preview.emergentagent.com\n    at origin (C:\\Users\\Roshan Verma\\Desktop\\HireAssess\\backend\\src\\app.js:30:15)\n    at C:\\Users\\Roshan Verma\\Desktop\\HireAssess\\backend\\node_modules\\cors\\lib\\index.js:219:13\n    at optionsCallback (C:\\Users\\Roshan Verma\\Desktop\\HireAssess\\backend\\node_modules\\cors\\lib\\index.js:199:9)\n    at corsMiddleware (C:\\Users\\Roshan Verma\\Desktop\\HireAssess\\backend\\node_modules\\cors\\lib\\index.js:204:7)\n    at Layer.handle [as handle_request] (C:\\Users\\Roshan Verma\\Desktop\\HireAssess\\backend\\node_modules\\express\\lib\\router\\layer.js:95:5)\n    at trim_prefix (C:\\Users\\Roshan Verma\\Desktop\\HireAssess\\backend\\node_modules\\express\\lib\\router\\index.js:328:13)\n    at C:\\Users\\Roshan Verma\\Desktop\\HireAssess\\backend\\node_modules\\express\\lib\\router\\index.js:286:9\n    at Function.process_params (C:\\Users\\Roshan Verma\\Desktop\\HireAssess\\backend\\node_modules\\express\\lib\\router\\index.js:346:12)\n    at next (C:\\Users\\Roshan Verma\\Desktop\\HireAssess\\backend\\node_modules\\express\\lib\\router\\index.js:280:10)\n    at internalNext (C:\\Users\\Roshan Verma\\Desktop\\HireAssess\\backend\\node_modules\\helmet\\index.cjs:558:6)","timestamp":"2026-07-27T09:35:14.781Z"}
{"level":"error","message":"Redis error: getaddrinfo ENOTFOUND redis","timestamp":"2026-07-27T09:35:15.528Z"}
{"level":"warn","message":"Redis connection closed","timestamp":"2026-07-27T09:35:15.529Z"}
{"level":"error","message":"Redis error: getaddrinfo ENOTFOUND redis","timestamp":"2026-07-27T09:35:19.809Z"}
{"level":"warn","message":"Redis connection closed","timestamp":"2026-07-27T09:35:19.810Z"}
{"level":"error","message":"Redis error: getaddrinfo ENOTFOUND redis","timestamp":"2026-07-27T09:35:24.517Z"}
{"level":"warn","message":"Redis connection closed","timestamp":"2026-07-27T09:35:24.518Z"}
{"level":"error","message":"Redis error: getaddrinfo ENOTFOUND redis","timestamp":"2026-07-27T09:35:28.796Z"}
{"level":"warn","message":"Redis connection closed","timestamp":"2026-07-27T09:35:28.796Z"}
{"level":"error","message":"Redis error: getaddrinfo ENOTFOUND redis","timestamp":"2026-07-27T09:35:33.510Z"}
{"level":"warn","message":"Redis connection closed","timestamp":"2026-07-27T09:35:33.510Z"}
{"level":"error","message":"Redis error: getaddrinfo ENOTFOUND redis","timestamp":"2026-07-27T09:35:37.781Z"}
{"level":"warn","message":"Redis connection closed","timestamp":"2026-07-27T09:35:37.781Z"}
{"level":"error","message":"Redis error: getaddrinfo ENOTFOUND redis","timestamp":"2026-07-27T09:35:42.492Z"}
{"level":"warn","message":"Redis connection closed","timestamp":"2026-07-27T09:35:42.492Z"}
{"level":"error","message":"Redis error: getaddrinfo ENOTFOUND redis","timestamp":"2026-07-27T09:35:46.760Z"}
{"level":"warn","message":"Redis connection closed","timestamp":"2026-07-27T09:35:46.761Z"}
{"level":"error","message":"Redis error: getaddrinfo ENOTFOUND redis","timestamp":"2026-07-27T09:35:51.454Z"}
{"level":"warn","message":"Redis connection closed","timestamp":"2026-07-27T09:35:51.455Z"}
{"level":"error","message":"Redis error: ","timestamp":"2026-07-27T09:35:54.919Z"}
{"level":"warn","message":"Redis connection closed","timestamp":"2026-07-27T09:35:54.922Z"}
{"level":"warn","message":"Redis unavailable at startup: Connection is closed.","timestamp":"2026-07-27T09:35:54.923Z"}
{"level":"info","message":"API listening on http://0.0.0.0:5000 (env=development)","timestamp":"2026-07-27T09:35:54.926Z"}
{"level":"info","message":"Swagger UI:      http://0.0.0.0:5000/api/docs","timestamp":"2026-07-27T09:35:54.926Z"}
{"level":"error","message":"Redis error: ","timestamp":"2026-07-27T09:35:54.989Z"}
{"level":"warn","message":"Redis connection closed","timestamp":"2026-07-27T09:35:54.990Z"}
{"level":"error","message":"Redis error: ","timestamp":"2026-07-27T09:35:55.107Z"}
{"level":"warn","message":"Redis connection closed","timestamp":"2026-07-27T09:35:55.108Z"}
{"level":"error","message":"Redis error: ","timestamp":"2026-07-27T09:35:55.271Z"}
{"level":"warn","message":"Redis connection closed","timestamp":"2026-07-27T09:35:55.272Z"}
{"level":"error","message":"Redis error: ","timestamp":"2026-07-27T09:35:55.485Z"}
{"level":"warn","message":"Redis connection closed","timestamp":"2026-07-27T09:35:55.486Z"}
{"level":"error","message":"Redis error: getaddrinfo ENOTFOUND redis","timestamp":"2026-07-27T09:35:55.741Z"}
{"level":"warn","message":"Redis connection closed","timestamp":"2026-07-27T09:35:55.742Z"}
{"level":"error","message":"Redis error: ","timestamp":"2026-07-27T09:35:55.739Z"}
{"level":"warn","message":"Redis connection closed","timestamp":"2026-07-27T09:35:55.739Z"}
{"level":"error","message":"Redis error: ","timestamp":"2026-07-27T09:35:56.048Z"}
{"level":"warn","message":"Redis connection closed","timestamp":"2026-07-27T09:35:56.049Z"}
{"level":"error","message":"Redis error: ","timestamp":"2026-07-27T09:35:56.401Z"}
{"level":"warn","message":"Redis connection closed","timestamp":"2026-07-27T09:35:56.401Z"}
{"level":"error","message":"Redis error: ","timestamp":"2026-07-27T09:35:56.813Z"}
{"level":"warn","message":"Redis connection closed","timestamp":"2026-07-27T09:35:56.814Z"}
{"level":"error","message":"Redis error: ","timestamp":"2026-07-27T09:35:57.271Z"}
{"level":"warn","message":"Redis connection closed","timestamp":"2026-07-27T09:35:57.272Z"}
{"level":"error","message":"Redis error: ","timestamp":"2026-07-27T09:35:57.786Z"}
{"level":"warn","message":"Redis connection closed","timestamp":"2026-07-27T09:35:57.786Z"}
{"level":"error","message":"Redis error: ","timestamp":"2026-07-27T09:35:58.351Z"}
{"level":"warn","message":"Redis connection closed","timestamp":"2026-07-27T09:35:58.352Z"}
{"level":"error","message":"Redis error: ","timestamp":"2026-07-27T09:35:58.967Z"}
{"level":"warn","message":"Redis connection closed","timestamp":"2026-07-27T09:35:58.967Z"}
{"level":"error","message":"Redis error: ","timestamp":"2026-07-27T09:35:59.622Z"}
{"level":"warn","message":"Redis connection closed","timestamp":"2026-07-27T09:35:59.622Z"}
{"level":"error","message":"Redis error: ","timestamp":"2026-07-27T09:36:00.333Z"}
{"level":"warn","message":"Redis connection closed","timestamp":"2026-07-27T09:36:00.333Z"}
{"level":"error","message":"Redis error: getaddrinfo ENOTFOUND redis","timestamp":"2026-07-27T09:36:00.443Z"}
{"level":"warn","message":"Redis connection closed","timestamp":"2026-07-27T09:36:00.444Z"}
{"level":"error","message":"Redis error: ","timestamp":"2026-07-27T09:36:01.099Z"}
{"level":"warn","message":"Redis connection closed","timestamp":"2026-07-27T09:36:01.100Z"}
{"level":"error","message":"Redis error: ","timestamp":"2026-07-27T09:36:01.912Z"}
{"level":"warn","message":"Redis connection closed","timestamp":"2026-07-27T09:36:01.912Z"}
{"level":"error","message":"Redis error: ","timestamp":"2026-07-27T09:36:02.765Z"}
{"level":"warn","message":"Redis connection closed","timestamp":"2026-07-27T09:36:02.765Z"}
{"level":"info","message":"Received SIGINT. Shutting down gracefully...","timestamp":"2026-07-27T09:36:02.985Z"}
{"level":"error","message":"Redis error: getaddrinfo ENOTFOUND redis","timestamp":"2026-07-27T09:36:04.726Z"}
{"level":"warn","message":"Redis connection closed","timestamp":"2026-07-27T09:36:04.726Z"}
{"level":"error","message":"Redis error: getaddrinfo ENOTFOUND redis","timestamp":"2026-07-27T09:36:09.417Z"}
{"level":"warn","message":"Redis connection closed","timestamp":"2026-07-27T09:36:09.417Z"}
{"level":"error","message":"Redis error: getaddrinfo ENOTFOUND redis","timestamp":"2026-07-27T09:36:13.676Z"}
{"level":"warn","message":"Redis connection closed","timestamp":"2026-07-27T09:36:13.676Z"}
{"level":"error","message":"Redis error: getaddrinfo ENOTFOUND redis","timestamp":"2026-07-27T09:36:18.384Z"}
{"level":"warn","message":"Redis connection closed","timestamp":"2026-07-27T09:36:18.385Z"}
{"level":"error","message":"Redis error: getaddrinfo ENOTFOUND redis","timestamp":"2026-07-27T09:36:22.689Z"}
{"level":"warn","message":"Redis connection closed","timestamp":"2026-07-27T09:36:22.690Z"}
{"level":"error","message":"Redis error: getaddrinfo ENOTFOUND redis","timestamp":"2026-07-27T09:36:27.391Z"}
{"level":"warn","message":"Redis connection closed","timestamp":"2026-07-27T09:36:27.391Z"}
{"level":"error","message":"Redis error: getaddrinfo ENOTFOUND redis","timestamp":"2026-07-27T09:36:31.674Z"}
{"level":"warn","message":"Redis connection closed","timestamp":"2026-07-27T09:36:31.674Z"}
{"level":"error","message":"Redis error: getaddrinfo ENOTFOUND redis","timestamp":"2026-07-27T09:36:36.383Z"}
{"level":"warn","message":"Redis connection closed","timestamp":"2026-07-27T09:36:36.383Z"}
{"level":"error","message":"Redis error: getaddrinfo ENOTFOUND redis","timestamp":"2026-07-27T09:36:40.659Z"}
{"level":"warn","message":"Redis connection closed","timestamp":"2026-07-27T09:36:40.659Z"}
{"level":"error","message":"Redis error: getaddrinfo ENOTFOUND redis","timestamp":"2026-07-27T09:36:45.330Z"}
{"level":"warn","message":"Redis connection closed","timestamp":"2026-07-27T09:36:45.330Z"}
{"level":"error","message":"Redis error: getaddrinfo ENOTFOUND redis","timestamp":"2026-07-27T09:36:49.609Z"}
{"level":"warn","message":"Redis connection closed","timestamp":"2026-07-27T09:36:49.609Z"}
{"level":"error","message":"Redis error: getaddrinfo ENOTFOUND redis","timestamp":"2026-07-27T09:36:54.308Z"}
{"level":"warn","message":"Redis connection closed","timestamp":"2026-07-27T09:36:54.309Z"}
{"level":"error","message":"Redis error: getaddrinfo ENOTFOUND redis","timestamp":"2026-07-27T09:36:58.576Z"}
{"level":"warn","message":"Redis connection closed","timestamp":"2026-07-27T09:36:58.577Z"}
{"level":"error","message":"Redis error: getaddrinfo ENOTFOUND redis","timestamp":"2026-07-27T09:37:03.259Z"}
{"level":"warn","message":"Redis connection closed","timestamp":"2026-07-27T09:37:03.259Z"}
{"level":"error","message":"Redis error: getaddrinfo ENOTFOUND redis","timestamp":"2026-07-27T09:37:07.541Z"}
{"level":"warn","message":"Redis connection closed","timestamp":"2026-07-27T09:37:07.541Z"}
{"level":"error","message":"Redis error: getaddrinfo ENOTFOUND redis","timestamp":"2026-07-27T09:37:11.811Z"}
{"level":"warn","message":"Redis connection closed","timestamp":"2026-07-27T09:37:11.811Z"}
{"level":"error","message":"Redis error: getaddrinfo ENOTFOUND redis","timestamp":"2026-07-27T09:37:16.507Z"}
{"level":"warn","message":"Redis connection closed","timestamp":"2026-07-27T09:37:16.507Z"}
{"level":"info","message":"API listening on http://0.0.0.0:5000 (env=development)","timestamp":"2026-07-27T09:37:19.261Z"}
{"level":"info","message":"Swagger UI:      http://0.0.0.0:5000/api/docs","timestamp":"2026-07-27T09:37:19.265Z"}
{"level":"error","message":"Redis error: getaddrinfo ENOTFOUND redis","timestamp":"2026-07-27T09:37:20.774Z"}
{"level":"warn","message":"Redis connection closed","timestamp":"2026-07-27T09:37:20.774Z"}
{"level":"error","message":"Redis error: getaddrinfo ENOTFOUND redis","timestamp":"2026-07-27T09:37:25.456Z"}
{"level":"warn","message":"Redis connection closed","timestamp":"2026-07-27T09:37:25.456Z"}
{"level":"error","message":"Redis error: getaddrinfo ENOTFOUND redis","timestamp":"2026-07-27T09:37:29.723Z"}
{"level":"warn","message":"Redis connection closed","timestamp":"2026-07-27T09:37:29.723Z"}
{"level":"error","message":"Redis error: getaddrinfo ENOTFOUND redis","timestamp":"2026-07-27T09:37:34.406Z"}
{"level":"warn","message":"Redis connection closed","timestamp":"2026-07-27T09:37:34.407Z"}
{"level":"error","message":"Redis error: getaddrinfo ENOTFOUND redis","timestamp":"2026-07-27T09:37:38.673Z"}
{"level":"warn","message":"Redis connection closed","timestamp":"2026-07-27T09:37:38.674Z"}
{"level":"error","message":"Redis error: getaddrinfo ENOTFOUND redis","timestamp":"2026-07-27T09:37:43.372Z"}
{"level":"warn","message":"Redis connection closed","timestamp":"2026-07-27T09:37:43.373Z"}
{"level":"error","message":"Redis error: getaddrinfo ENOTFOUND redis","timestamp":"2026-07-27T09:37:47.641Z"}
{"level":"warn","message":"Redis connection closed","timestamp":"2026-07-27T09:37:47.642Z"}
{"level":"error","message":"Redis error: getaddrinfo ENOTFOUND redis","timestamp":"2026-07-27T09:37:52.354Z"}
{"level":"warn","message":"Redis connection closed","timestamp":"2026-07-27T09:37:52.354Z"}
{"level":"error","message":"Redis error: getaddrinfo ENOTFOUND redis","timestamp":"2026-07-27T09:37:56.643Z"}
{"level":"warn","message":"Redis connection closed","timestamp":"2026-07-27T09:37:56.643Z"}
{"level":"error","message":"Redis error: getaddrinfo ENOTFOUND redis","timestamp":"2026-07-27T09:38:01.338Z"}
{"level":"warn","message":"Redis connection closed","timestamp":"2026-07-27T09:38:01.338Z"}
{"level":"error","message":"Redis error: getaddrinfo ENOTFOUND redis","timestamp":"2026-07-27T09:38:05.608Z"}
{"level":"warn","message":"Redis connection closed","timestamp":"2026-07-27T09:38:05.608Z"}
{"level":"error","message":"Redis error: getaddrinfo ENOTFOUND redis","timestamp":"2026-07-27T09:38:10.303Z"}
{"level":"warn","message":"Redis connection closed","timestamp":"2026-07-27T09:38:10.304Z"}
{"level":"error","message":"Redis error: getaddrinfo ENOTFOUND redis","timestamp":"2026-07-27T09:38:14.582Z"}
{"level":"warn","message":"Redis connection closed","timestamp":"2026-07-27T09:38:14.583Z"}
{"level":"error","message":"Redis error: getaddrinfo ENOTFOUND redis","timestamp":"2026-07-27T09:38:19.271Z"}
{"level":"warn","message":"Redis connection closed","timestamp":"2026-07-27T09:38:19.272Z"}
{"level":"error","message":"Redis error: getaddrinfo ENOTFOUND redis","timestamp":"2026-07-27T09:38:23.554Z"}
{"level":"warn","message":"Redis connection closed","timestamp":"2026-07-27T09:38:23.555Z"}
{"level":"error","message":"Redis error: getaddrinfo ENOTFOUND redis","timestamp":"2026-07-27T09:38:27.828Z"}
{"level":"warn","message":"Redis connection closed","timestamp":"2026-07-27T09:38:27.829Z"}
{"level":"error","message":"Redis error: getaddrinfo ENOTFOUND redis","timestamp":"2026-07-27T09:38:32.505Z"}
{"level":"warn","message":"Redis connection closed","timestamp":"2026-07-27T09:38:32.505Z"}
{"level":"error","message":"Redis error: getaddrinfo ENOTFOUND redis","timestamp":"2026-07-27T09:38:36.787Z"}
{"level":"warn","message":"Redis connection closed","timestamp":"2026-07-27T09:38:36.787Z"}
{"level":"error","message":"Redis error: getaddrinfo ENOTFOUND redis","timestamp":"2026-07-27T09:38:41.483Z"}
{"level":"warn","message":"Redis connection closed","timestamp":"2026-07-27T09:38:41.483Z"}
{"level":"error","message":"Redis error: getaddrinfo ENOTFOUND redis","timestamp":"2026-07-27T09:38:45.770Z"}
{"level":"warn","message":"Redis connection closed","timestamp":"2026-07-27T09:38:45.770Z"}
{"level":"error","message":"Redis error: getaddrinfo ENOTFOUND redis","timestamp":"2026-07-27T09:38:50.466Z"}
{"level":"warn","message":"Redis connection closed","timestamp":"2026-07-27T09:38:50.467Z"}
{"level":"info","message":"API listening on http://0.0.0.0:5000 (env=development)","timestamp":"2026-07-27T09:38:52.461Z"}
{"level":"info","message":"Swagger UI:      http://0.0.0.0:5000/api/docs","timestamp":"2026-07-27T09:38:52.464Z"}
{"level":"error","message":"Redis error: getaddrinfo ENOTFOUND redis","timestamp":"2026-07-27T09:38:54.721Z"}
{"level":"warn","message":"Redis connection closed","timestamp":"2026-07-27T09:38:54.722Z"}
{"level":"error","message":"Redis error: getaddrinfo ENOTFOUND redis","timestamp":"2026-07-27T09:38:59.436Z"}
{"level":"warn","message":"Redis connection closed","timestamp":"2026-07-27T09:38:59.436Z"}
{"level":"error","message":"Redis error: getaddrinfo ENOTFOUND redis","timestamp":"2026-07-27T09:39:03.720Z"}
{"level":"warn","message":"Redis connection closed","timestamp":"2026-07-27T09:39:03.721Z"}
{"level":"error","message":"Redis error: getaddrinfo ENOTFOUND redis","timestamp":"2026-07-27T09:39:08.419Z"}
{"level":"warn","message":"Redis connection closed","timestamp":"2026-07-27T09:39:08.420Z"}
{"level":"error","message":"Redis error: getaddrinfo ENOTFOUND redis","timestamp":"2026-07-27T09:39:12.702Z"}
{"level":"warn","message":"Redis connection closed","timestamp":"2026-07-27T09:39:12.703Z"}
{"level":"error","message":"Redis error: getaddrinfo ENOTFOUND redis","timestamp":"2026-07-27T09:39:17.382Z"}
{"level":"warn","message":"Redis connection closed","timestamp":"2026-07-27T09:39:17.383Z"}
{"level":"error","message":"Redis error: getaddrinfo ENOTFOUND redis","timestamp":"2026-07-27T09:39:21.668Z"}
{"level":"warn","message":"Redis connection closed","timestamp":"2026-07-27T09:39:21.668Z"}
{"level":"error","message":"Redis error: getaddrinfo ENOTFOUND redis","timestamp":"2026-07-27T09:39:26.352Z"}
{"level":"warn","message":"Redis connection closed","timestamp":"2026-07-27T09:39:26.353Z"}
{"level":"error","message":"Redis error: getaddrinfo ENOTFOUND redis","timestamp":"2026-07-27T09:39:30.636Z"}
{"level":"warn","message":"Redis connection closed","timestamp":"2026-07-27T09:39:30.637Z"}
{"level":"error","message":"Redis error: getaddrinfo ENOTFOUND redis","timestamp":"2026-07-27T09:39:35.319Z"}
{"level":"warn","message":"Redis connection closed","timestamp":"2026-07-27T09:39:35.320Z"}
{"level":"error","message":"Redis error: getaddrinfo ENOTFOUND redis","timestamp":"2026-07-27T09:39:39.604Z"}
{"level":"warn","message":"Redis connection closed","timestamp":"2026-07-27T09:39:39.605Z"}
{"level":"error","message":"Redis error: getaddrinfo ENOTFOUND redis","timestamp":"2026-07-27T09:39:44.302Z"}
{"level":"warn","message":"Redis connection closed","timestamp":"2026-07-27T09:39:44.303Z"}
{"level":"error","message":"Redis error: getaddrinfo ENOTFOUND redis","timestamp":"2026-07-27T09:39:48.569Z"}
{"level":"warn","message":"Redis connection closed","timestamp":"2026-07-27T09:39:48.570Z"}
{"level":"error","message":"Redis error: getaddrinfo ENOTFOUND redis","timestamp":"2026-07-27T09:39:53.267Z"}
{"level":"warn","message":"Redis connection closed","timestamp":"2026-07-27T09:39:53.267Z"}
{"level":"error","message":"Redis error: getaddrinfo ENOTFOUND redis","timestamp":"2026-07-27T09:39:57.534Z"}
{"level":"warn","message":"Redis connection closed","timestamp":"2026-07-27T09:39:57.534Z"}
{"level":"info","message":"GET /health 500 3ms ip=127.0.0.1 user=anon","timestamp":"2026-07-27T09:39:57.937Z"}
{"level":"error","message":"Redis error: getaddrinfo ENOTFOUND redis","timestamp":"2026-07-27T09:40:01.800Z"}
{"level":"warn","message":"Redis connection closed","timestamp":"2026-07-27T09:40:01.801Z"}
{"level":"error","message":"Redis error: getaddrinfo ENOTFOUND redis","timestamp":"2026-07-27T09:40:06.483Z"}
{"level":"warn","message":"Redis connection closed","timestamp":"2026-07-27T09:40:06.484Z"}
{"level":"info","message":"GET /api/v1/health 200 3ms ip=127.0.0.1 user=anon","timestamp":"2026-07-27T09:40:08.241Z"}
{"level":"error","message":"Redis error: getaddrinfo ENOTFOUND redis","timestamp":"2026-07-27T09:40:10.782Z"}
{"level":"warn","message":"Redis connection closed","timestamp":"2026-07-27T09:40:10.782Z"}
{"level":"error","message":"Redis error: getaddrinfo ENOTFOUND redis","timestamp":"2026-07-27T09:40:15.470Z"}
{"level":"warn","message":"Redis connection closed","timestamp":"2026-07-27T09:40:15.470Z"}
{"level":"error","message":"Redis error: getaddrinfo ENOTFOUND redis","timestamp":"2026-07-27T09:40:19.764Z"}
{"level":"warn","message":"Redis connection closed","timestamp":"2026-07-27T09:40:19.765Z"}
{"level":"error","message":"Redis error: getaddrinfo ENOTFOUND redis","timestamp":"2026-07-27T09:40:24.465Z"}
{"level":"warn","message":"Redis connection closed","timestamp":"2026-07-27T09:40:24.465Z"}
{"level":"error","message":"Redis error: getaddrinfo ENOTFOUND redis","timestamp":"2026-07-27T09:40:28.732Z"}
{"level":"warn","message":"Redis connection closed","timestamp":"2026-07-27T09:40:28.733Z"}
{"level":"error","message":"Redis error: getaddrinfo ENOTFOUND redis","timestamp":"2026-07-27T09:40:33.433Z"}
{"level":"warn","message":"Redis connection closed","timestamp":"2026-07-27T09:40:33.433Z"}
{"level":"error","message":"Redis error: getaddrinfo ENOTFOUND redis","timestamp":"2026-07-27T09:40:37.698Z"}
{"level":"warn","message":"Redis connection closed","timestamp":"2026-07-27T09:40:37.698Z"}
{"level":"info","message":"GET /api/v1/health 200 1ms ip=127.0.0.1 user=anon","timestamp":"2026-07-27T09:40:39.013Z"}
{"level":"error","message":"Redis error: getaddrinfo ENOTFOUND redis","timestamp":"2026-07-27T09:40:42.392Z"}
{"level":"warn","message":"Redis connection closed","timestamp":"2026-07-27T09:40:42.392Z"}
{"level":"info","message":"GET / 200 0ms ip=127.0.0.1 user=anon","timestamp":"2026-07-27T09:40:46.431Z"}
{"level":"info","message":"GET /favicon.ico 500 1ms ip=127.0.0.1 user=anon","timestamp":"2026-07-27T09:40:46.554Z"}
{"level":"error","message":"Redis error: getaddrinfo ENOTFOUND redis","timestamp":"2026-07-27T09:40:46.672Z"}
{"level":"warn","message":"Redis connection closed","timestamp":"2026-07-27T09:40:46.673Z"}
{"level":"error","message":"Redis error: getaddrinfo ENOTFOUND redis","timestamp":"2026-07-27T09:40:51.382Z"}
{"level":"warn","message":"Redis connection closed","timestamp":"2026-07-27T09:40:51.382Z"}
{"level":"error","message":"Redis error: getaddrinfo ENOTFOUND redis","timestamp":"2026-07-27T09:40:55.680Z"}
{"level":"warn","message":"Redis connection closed","timestamp":"2026-07-27T09:40:55.681Z"}
{"level":"info","message":"GET /api/docs 301 2ms ip=127.0.0.1 user=anon","timestamp":"2026-07-27T09:40:58.510Z"}
{"level":"info","message":"GET /api/docs/ 200 1ms ip=127.0.0.1 user=anon","timestamp":"2026-07-27T09:40:58.522Z"}
{"level":"info","message":"GET /api/docs/swagger-ui-init.js 200 1ms ip=127.0.0.1 user=anon","timestamp":"2026-07-27T09:40:58.591Z"}
{"level":"info","message":"GET /api/docs/swagger-ui.css 200 14ms ip=127.0.0.1 user=anon","timestamp":"2026-07-27T09:40:58.597Z"}
{"level":"info","message":"GET /api/docs/swagger-ui-standalone-preset.js 200 14ms ip=127.0.0.1 user=anon","timestamp":"2026-07-27T09:40:58.600Z"}
{"level":"info","message":"GET /api/docs/swagger-ui-bundle.js 200 31ms ip=127.0.0.1 user=anon","timestamp":"2026-07-27T09:40:58.616Z"}
{"level":"info","message":"GET /api/docs/favicon-16x16.png 200 3ms ip=127.0.0.1 user=anon","timestamp":"2026-07-27T09:40:58.898Z"}
{"level":"error","message":"Redis error: getaddrinfo ENOTFOUND redis","timestamp":"2026-07-27T09:41:00.374Z"}
{"level":"warn","message":"Redis connection closed","timestamp":"2026-07-27T09:41:00.375Z"}
{"level":"error","message":"Redis error: getaddrinfo ENOTFOUND redis","timestamp":"2026-07-27T09:41:04.646Z"}
{"level":"warn","message":"Redis connection closed","timestamp":"2026-07-27T09:41:04.647Z"}
{"level":"error","message":"Redis error: getaddrinfo ENOTFOUND redis","timestamp":"2026-07-27T09:41:09.323Z"}
{"level":"warn","message":"Redis connection closed","timestamp":"2026-07-27T09:41:09.324Z"}
{"level":"info","message":"GET /api/v1/health 200 1ms ip=127.0.0.1 user=anon","timestamp":"2026-07-27T09:41:10.608Z"}
{"level":"error","message":"Redis error: getaddrinfo ENOTFOUND redis","timestamp":"2026-07-27T09:41:13.590Z"}
{"level":"warn","message":"Redis connection closed","timestamp":"2026-07-27T09:41:13.591Z"}
{"level":"error","message":"Redis error: getaddrinfo ENOTFOUND redis","timestamp":"2026-07-27T09:41:18.287Z"}
{"level":"warn","message":"Redis connection closed","timestamp":"2026-07-27T09:41:18.287Z"}
{"level":"error","message":"Redis error: getaddrinfo ENOTFOUND redis","timestamp":"2026-07-27T09:41:22.560Z"}
{"level":"warn","message":"Redis connection closed","timestamp":"2026-07-27T09:41:22.560Z"}
{"level":"error","message":"Redis error: getaddrinfo ENOTFOUND redis","timestamp":"2026-07-27T09:41:26.840Z"}
{"level":"warn","message":"Redis connection closed","timestamp":"2026-07-27T09:41:26.841Z"}
{"level":"error","message":"Redis error: getaddrinfo ENOTFOUND redis","timestamp":"2026-07-27T09:41:31.546Z"}
{"level":"warn","message":"Redis connection closed","timestamp":"2026-07-27T09:41:31.547Z"}
{"level":"error","message":"Redis error: getaddrinfo ENOTFOUND redis","timestamp":"2026-07-27T09:41:35.829Z"}
{"level":"warn","message":"Redis connection closed","timestamp":"2026-07-27T09:41:35.830Z"}
{"level":"error","message":"Redis error: getaddrinfo ENOTFOUND redis","timestamp":"2026-07-27T09:41:40.510Z"}
{"level":"warn","message":"Redis connection closed","timestamp":"2026-07-27T09:41:40.511Z"}
{"level":"error","message":"Redis error: getaddrinfo ENOTFOUND redis","timestamp":"2026-07-27T09:41:44.796Z"}
{"level":"warn","message":"Redis connection closed","timestamp":"2026-07-27T09:41:44.798Z"}
{"level":"error","message":"Redis error: getaddrinfo ENOTFOUND redis","timestamp":"2026-07-27T09:41:49.495Z"}
{"level":"warn","message":"Redis connection closed","timestamp":"2026-07-27T09:41:49.496Z"}
{"level":"error","message":"Redis error: getaddrinfo ENOTFOUND redis","timestamp":"2026-07-27T09:41:53.749Z"}
{"level":"warn","message":"Redis connection closed","timestamp":"2026-07-27T09:41:53.750Z"}
{"level":"error","message":"Redis error: getaddrinfo ENOTFOUND redis","timestamp":"2026-07-27T09:41:58.449Z"}
{"level":"warn","message":"Redis connection closed","timestamp":"2026-07-27T09:41:58.450Z"}
{"level":"error","message":"Redis error: getaddrinfo ENOTFOUND redis","timestamp":"2026-07-27T09:42:02.730Z"}
{"level":"warn","message":"Redis connection closed","timestamp":"2026-07-27T09:42:02.730Z"}
{"level":"error","message":"Redis error: getaddrinfo ENOTFOUND redis","timestamp":"2026-07-27T09:42:07.429Z"}
{"level":"warn","message":"Redis connection closed","timestamp":"2026-07-27T09:42:07.430Z"}
{"level":"error","message":"Redis error: getaddrinfo ENOTFOUND redis","timestamp":"2026-07-27T09:42:11.695Z"}
{"level":"warn","message":"Redis connection closed","timestamp":"2026-07-27T09:42:11.696Z"}
{"level":"error","message":"Redis error: getaddrinfo ENOTFOUND redis","timestamp":"2026-07-27T09:42:16.394Z"}
{"level":"warn","message":"Redis connection closed","timestamp":"2026-07-27T09:42:16.394Z"}
{"level":"error","message":"Redis error: getaddrinfo ENOTFOUND redis","timestamp":"2026-07-27T09:42:20.678Z"}
{"level":"warn","message":"Redis connection closed","timestamp":"2026-07-27T09:42:20.678Z"}
{"level":"error","message":"Redis error: getaddrinfo ENOTFOUND redis","timestamp":"2026-07-27T09:42:25.379Z"}
{"level":"warn","message":"Redis connection closed","timestamp":"2026-07-27T09:42:25.380Z"}
{"level":"error","message":"Redis error: getaddrinfo ENOTFOUND redis","timestamp":"2026-07-27T09:42:29.661Z"}
{"level":"warn","message":"Redis connection closed","timestamp":"2026-07-27T09:42:29.662Z"}
{"level":"error","message":"Redis error: getaddrinfo ENOTFOUND redis","timestamp":"2026-07-27T09:42:34.359Z"}
{"level":"warn","message":"Redis connection closed","timestamp":"2026-07-27T09:42:34.359Z"}
{"level":"error","message":"Redis error: getaddrinfo ENOTFOUND redis","timestamp":"2026-07-27T09:42:38.643Z"}
{"level":"warn","message":"Redis connection closed","timestamp":"2026-07-27T09:42:38.644Z"}
{"level":"error","message":"Redis error: getaddrinfo ENOTFOUND redis","timestamp":"2026-07-27T09:42:43.326Z"}
{"level":"warn","message":"Redis connection closed","timestamp":"2026-07-27T09:42:43.327Z"}
{"level":"error","message":"Redis error: getaddrinfo ENOTFOUND redis","timestamp":"2026-07-27T09:42:47.600Z"}
{"level":"warn","message":"Redis connection closed","timestamp":"2026-07-27T09:42:47.601Z"}
{"level":"error","message":"Redis error: getaddrinfo ENOTFOUND redis","timestamp":"2026-07-27T09:42:52.278Z"}
{"level":"warn","message":"Redis connection closed","timestamp":"2026-07-27T09:42:52.278Z"}
{"level":"error","message":"Redis error: getaddrinfo ENOTFOUND redis","timestamp":"2026-07-27T09:42:56.561Z"}
{"level":"warn","message":"Redis connection closed","timestamp":"2026-07-27T09:42:56.561Z"}
{"level":"error","message":"Redis error: getaddrinfo ENOTFOUND redis","timestamp":"2026-07-27T09:43:00.843Z"}
{"level":"warn","message":"Redis connection closed","timestamp":"2026-07-27T09:43:00.844Z"}
{"level":"error","message":"Redis error: getaddrinfo ENOTFOUND redis","timestamp":"2026-07-27T09:43:05.543Z"}
{"level":"warn","message":"Redis connection closed","timestamp":"2026-07-27T09:43:05.544Z"}
{"level":"error","message":"Redis error: getaddrinfo ENOTFOUND redis","timestamp":"2026-07-27T09:43:09.842Z"}
{"level":"warn","message":"Redis connection closed","timestamp":"2026-07-27T09:43:09.843Z"}
{"level":"error","message":"Redis error: getaddrinfo ENOTFOUND redis","timestamp":"2026-07-27T09:43:14.525Z"}
{"level":"warn","message":"Redis connection closed","timestamp":"2026-07-27T09:43:14.525Z"}
{"level":"error","message":"Redis error: getaddrinfo ENOTFOUND redis","timestamp":"2026-07-27T09:43:18.792Z"}
{"level":"warn","message":"Redis connection closed","timestamp":"2026-07-27T09:43:18.793Z"}
{"level":"error","message":"Redis error: getaddrinfo ENOTFOUND redis","timestamp":"2026-07-27T09:43:23.493Z"}
{"level":"warn","message":"Redis connection closed","timestamp":"2026-07-27T09:43:23.494Z"}
{"level":"error","message":"Redis error: getaddrinfo ENOTFOUND redis","timestamp":"2026-07-27T09:43:27.785Z"}
{"level":"warn","message":"Redis connection closed","timestamp":"2026-07-27T09:43:27.786Z"}
{"level":"error","message":"Redis error: getaddrinfo ENOTFOUND redis","timestamp":"2026-07-27T09:43:32.459Z"}
{"level":"warn","message":"Redis connection closed","timestamp":"2026-07-27T09:43:32.459Z"}
{"level":"error","message":"Redis error: getaddrinfo ENOTFOUND redis","timestamp":"2026-07-27T09:43:36.742Z"}
{"level":"warn","message":"Redis connection closed","timestamp":"2026-07-27T09:43:36.743Z"}
{"level":"error","message":"Redis error: getaddrinfo ENOTFOUND redis","timestamp":"2026-07-27T09:43:41.442Z"}
{"level":"warn","message":"Redis connection closed","timestamp":"2026-07-27T09:43:41.443Z"}
{"level":"error","message":"Redis error: getaddrinfo ENOTFOUND redis","timestamp":"2026-07-27T09:43:45.710Z"}
{"level":"warn","message":"Redis connection closed","timestamp":"2026-07-27T09:43:45.710Z"}
{"level":"error","message":"Redis error: getaddrinfo ENOTFOUND redis","timestamp":"2026-07-27T09:43:50.425Z"}
{"level":"warn","message":"Redis connection closed","timestamp":"2026-07-27T09:43:50.426Z"}
{"level":"error","message":"Redis error: getaddrinfo ENOTFOUND redis","timestamp":"2026-07-27T09:43:54.709Z"}
{"level":"warn","message":"Redis connection closed","timestamp":"2026-07-27T09:43:54.709Z"}
{"level":"error","message":"Redis error: getaddrinfo ENOTFOUND redis","timestamp":"2026-07-27T09:43:59.441Z"}
{"level":"warn","message":"Redis connection closed","timestamp":"2026-07-27T09:43:59.442Z"}
{"level":"error","message":"Redis error: getaddrinfo ENOTFOUND redis","timestamp":"2026-07-27T09:44:03.740Z"}
{"level":"warn","message":"Redis connection closed","timestamp":"2026-07-27T09:44:03.741Z"}
{"level":"error","message":"Redis error: getaddrinfo ENOTFOUND redis","timestamp":"2026-07-27T09:44:08.411Z"}
{"level":"warn","message":"Redis connection closed","timestamp":"2026-07-27T09:44:08.412Z"}
{"level":"error","message":"Redis error: getaddrinfo ENOTFOUND redis","timestamp":"2026-07-27T09:44:12.690Z"}
{"level":"warn","message":"Redis connection closed","timestamp":"2026-07-27T09:44:12.690Z"}
{"level":"error","message":"Redis error: getaddrinfo ENOTFOUND redis","timestamp":"2026-07-27T09:44:17.372Z"}
{"level":"warn","message":"Redis connection closed","timestamp":"2026-07-27T09:44:17.373Z"}
{"level":"error","message":"Redis error: getaddrinfo ENOTFOUND redis","timestamp":"2026-07-27T09:44:21.640Z"}
{"level":"warn","message":"Redis connection closed","timestamp":"2026-07-27T09:44:21.641Z"}
{"level":"error","message":"Redis error: getaddrinfo ENOTFOUND redis","timestamp":"2026-07-27T09:44:26.356Z"}
{"level":"warn","message":"Redis connection closed","timestamp":"2026-07-27T09:44:26.356Z"}
{"level":"error","message":"Redis error: getaddrinfo ENOTFOUND redis","timestamp":"2026-07-27T09:44:30.624Z"}
{"level":"warn","message":"Redis connection closed","timestamp":"2026-07-27T09:44:30.624Z"}
{"level":"error","message":"Redis error: getaddrinfo ENOTFOUND redis","timestamp":"2026-07-27T09:44:35.340Z"}
{"level":"warn","message":"Redis connection closed","timestamp":"2026-07-27T09:44:35.341Z"}
{"level":"error","message":"Redis error: getaddrinfo ENOTFOUND redis","timestamp":"2026-07-27T09:44:39.623Z"}
{"level":"warn","message":"Redis connection closed","timestamp":"2026-07-27T09:44:39.624Z"}
{"level":"error","message":"Redis error: getaddrinfo ENOTFOUND redis","timestamp":"2026-07-27T09:44:44.327Z"}
{"level":"warn","message":"Redis connection closed","timestamp":"2026-07-27T09:44:44.328Z"}
{"level":"error","message":"Redis error: getaddrinfo ENOTFOUND redis","timestamp":"2026-07-27T09:44:48.595Z"}
{"level":"warn","message":"Redis connection closed","timestamp":"2026-07-27T09:44:48.596Z"}
{"level":"error","message":"Redis error: getaddrinfo ENOTFOUND redis","timestamp":"2026-07-27T09:44:53.306Z"}
{"level":"warn","message":"Redis connection closed","timestamp":"2026-07-27T09:44:53.307Z"}
{"level":"error","message":"Redis error: getaddrinfo ENOTFOUND redis","timestamp":"2026-07-27T09:44:57.604Z"}
{"level":"warn","message":"Redis connection closed","timestamp":"2026-07-27T09:44:57.605Z"}
{"level":"error","message":"Redis error: getaddrinfo ENOTFOUND redis","timestamp":"2026-07-27T09:45:02.289Z"}
{"level":"warn","message":"Redis connection closed","timestamp":"2026-07-27T09:45:02.290Z"}
{"level":"error","message":"Redis error: getaddrinfo ENOTFOUND redis","timestamp":"2026-07-27T09:45:06.556Z"}
{"level":"warn","message":"Redis connection closed","timestamp":"2026-07-27T09:45:06.556Z"}
{"level":"error","message":"Redis error: getaddrinfo ENOTFOUND redis","timestamp":"2026-07-27T09:45:10.837Z"}
{"level":"warn","message":"Redis connection closed","timestamp":"2026-07-27T09:45:10.838Z"}
{"level":"error","message":"Redis error: getaddrinfo ENOTFOUND redis","timestamp":"2026-07-27T09:45:15.522Z"}
{"level":"warn","message":"Redis connection closed","timestamp":"2026-07-27T09:45:15.522Z"}
{"level":"error","message":"Redis error: getaddrinfo ENOTFOUND redis","timestamp":"2026-07-27T09:45:19.822Z"}
{"level":"warn","message":"Redis connection closed","timestamp":"2026-07-27T09:45:19.823Z"}
{"level":"error","message":"Redis error: getaddrinfo ENOTFOUND redis","timestamp":"2026-07-27T09:45:24.522Z"}
{"level":"warn","message":"Redis connection closed","timestamp":"2026-07-27T09:45:24.523Z"}
{"level":"error","message":"Redis error: getaddrinfo ENOTFOUND redis","timestamp":"2026-07-27T09:45:28.821Z"}
{"level":"warn","message":"Redis connection closed","timestamp":"2026-07-27T09:45:28.822Z"}
{"level":"error","message":"Redis error: getaddrinfo ENOTFOUND redis","timestamp":"2026-07-27T09:45:33.505Z"}
{"level":"warn","message":"Redis connection closed","timestamp":"2026-07-27T09:45:33.505Z"}
{"level":"error","message":"Redis error: getaddrinfo ENOTFOUND redis","timestamp":"2026-07-27T09:45:37.788Z"}
{"level":"warn","message":"Redis connection closed","timestamp":"2026-07-27T09:45:37.789Z"}
{"level":"error","message":"Redis error: getaddrinfo ENOTFOUND redis","timestamp":"2026-07-27T09:45:42.487Z"}
{"level":"warn","message":"Redis connection closed","timestamp":"2026-07-27T09:45:42.488Z"}
{"level":"error","message":"Redis error: getaddrinfo ENOTFOUND redis","timestamp":"2026-07-27T09:45:46.770Z"}
{"level":"warn","message":"Redis connection closed","timestamp":"2026-07-27T09:45:46.771Z"}
{"level":"error","message":"Redis error: getaddrinfo ENOTFOUND redis","timestamp":"2026-07-27T09:45:51.453Z"}
{"level":"warn","message":"Redis connection closed","timestamp":"2026-07-27T09:45:51.454Z"}
{"level":"error","message":"Redis error: getaddrinfo ENOTFOUND redis","timestamp":"2026-07-27T09:45:55.737Z"}
{"level":"warn","message":"Redis connection closed","timestamp":"2026-07-27T09:45:55.738Z"}
{"level":"error","message":"Redis error: getaddrinfo ENOTFOUND redis","timestamp":"2026-07-27T09:46:00.454Z"}
{"level":"warn","message":"Redis connection closed","timestamp":"2026-07-27T09:46:00.455Z"}
{"level":"error","message":"Redis error: getaddrinfo ENOTFOUND redis","timestamp":"2026-07-27T09:46:04.753Z"}
{"level":"warn","message":"Redis connection closed","timestamp":"2026-07-27T09:46:04.754Z"}
{"level":"error","message":"Redis error: getaddrinfo ENOTFOUND redis","timestamp":"2026-07-27T09:46:09.453Z"}
{"level":"warn","message":"Redis connection closed","timestamp":"2026-07-27T09:46:09.454Z"}
{"level":"error","message":"Redis error: getaddrinfo ENOTFOUND redis","timestamp":"2026-07-27T09:46:13.752Z"}
{"level":"warn","message":"Redis connection closed","timestamp":"2026-07-27T09:46:13.753Z"}
{"level":"error","message":"Redis error: getaddrinfo ENOTFOUND redis","timestamp":"2026-07-27T09:46:18.435Z"}
{"level":"warn","message":"Redis connection closed","timestamp":"2026-07-27T09:46:18.436Z"}
{"level":"error","message":"Redis error: getaddrinfo ENOTFOUND redis","timestamp":"2026-07-27T09:46:22.719Z"}
{"level":"warn","message":"Redis connection closed","timestamp":"2026-07-27T09:46:22.720Z"}
{"level":"error","message":"Redis error: getaddrinfo ENOTFOUND redis","timestamp":"2026-07-27T09:46:27.403Z"}
{"level":"warn","message":"Redis connection closed","timestamp":"2026-07-27T09:46:27.403Z"}
{"level":"error","message":"Redis error: getaddrinfo ENOTFOUND redis","timestamp":"2026-07-27T09:46:31.686Z"}
{"level":"warn","message":"Redis connection closed","timestamp":"2026-07-27T09:46:31.687Z"}
{"level":"error","message":"Redis error: getaddrinfo ENOTFOUND redis","timestamp":"2026-07-27T09:46:36.385Z"}
{"level":"warn","message":"Redis connection closed","timestamp":"2026-07-27T09:46:36.386Z"}
{"level":"error","message":"Redis error: getaddrinfo ENOTFOUND redis","timestamp":"2026-07-27T09:46:40.651Z"}
{"level":"warn","message":"Redis connection closed","timestamp":"2026-07-27T09:46:40.652Z"}
{"level":"error","message":"Redis error: getaddrinfo ENOTFOUND redis","timestamp":"2026-07-27T09:46:45.367Z"}
{"level":"warn","message":"Redis connection closed","timestamp":"2026-07-27T09:46:45.368Z"}
{"level":"error","message":"Redis error: getaddrinfo ENOTFOUND redis","timestamp":"2026-07-27T09:46:49.635Z"}
{"level":"warn","message":"Redis connection closed","timestamp":"2026-07-27T09:46:49.636Z"}
{"level":"error","message":"Redis error: getaddrinfo ENOTFOUND redis","timestamp":"2026-07-27T09:46:54.335Z"}
{"level":"warn","message":"Redis connection closed","timestamp":"2026-07-27T09:46:54.336Z"}
{"level":"error","message":"Redis error: getaddrinfo ENOTFOUND redis","timestamp":"2026-07-27T09:46:58.634Z"}
{"level":"warn","message":"Redis connection closed","timestamp":"2026-07-27T09:46:58.635Z"}
{"level":"error","message":"Redis error: getaddrinfo ENOTFOUND redis","timestamp":"2026-07-27T09:47:03.302Z"}
{"level":"warn","message":"Redis connection closed","timestamp":"2026-07-27T09:47:03.303Z"}
{"level":"error","message":"Redis error: getaddrinfo ENOTFOUND redis","timestamp":"2026-07-27T09:47:07.584Z"}
{"level":"warn","message":"Redis connection closed","timestamp":"2026-07-27T09:47:07.585Z"}
{"level":"error","message":"Redis error: getaddrinfo ENOTFOUND redis","timestamp":"2026-07-27T09:47:12.284Z"}
{"level":"warn","message":"Redis connection closed","timestamp":"2026-07-27T09:47:12.285Z"}
{"level":"error","message":"Redis error: getaddrinfo ENOTFOUND redis","timestamp":"2026-07-27T09:47:16.568Z"}
{"level":"warn","message":"Redis connection closed","timestamp":"2026-07-27T09:47:16.569Z"}
{"level":"error","message":"Redis error: getaddrinfo ENOTFOUND redis","timestamp":"2026-07-27T09:47:21.268Z"}
{"level":"warn","message":"Redis connection closed","timestamp":"2026-07-27T09:47:21.268Z"}
{"level":"error","message":"Redis error: getaddrinfo ENOTFOUND redis","timestamp":"2026-07-27T09:47:25.567Z"}
{"level":"warn","message":"Redis connection closed","timestamp":"2026-07-27T09:47:25.568Z"}
{"level":"error","message":"Redis error: getaddrinfo ENOTFOUND redis","timestamp":"2026-07-27T09:47:30.267Z"}
{"level":"warn","message":"Redis connection closed","timestamp":"2026-07-27T09:47:30.268Z"}
{"level":"error","message":"Redis error: getaddrinfo ENOTFOUND redis","timestamp":"2026-07-27T09:47:34.550Z"}
{"level":"warn","message":"Redis connection closed","timestamp":"2026-07-27T09:47:34.550Z"}
{"level":"error","message":"Redis error: getaddrinfo ENOTFOUND redis","timestamp":"2026-07-27T09:47:38.833Z"}
{"level":"warn","message":"Redis connection closed","timestamp":"2026-07-27T09:47:38.834Z"}
{"level":"error","message":"Redis error: getaddrinfo ENOTFOUND redis","timestamp":"2026-07-27T09:47:43.533Z"}
{"level":"warn","message":"Redis connection closed","timestamp":"2026-07-27T09:47:43.534Z"}
{"level":"error","message":"Redis error: getaddrinfo ENOTFOUND redis","timestamp":"2026-07-27T09:47:47.817Z"}
{"level":"warn","message":"Redis connection closed","timestamp":"2026-07-27T09:47:47.818Z"}
{"level":"error","message":"Redis error: getaddrinfo ENOTFOUND redis","timestamp":"2026-07-27T09:47:52.517Z"}
{"level":"warn","message":"Redis connection closed","timestamp":"2026-07-27T09:47:52.517Z"}
{"level":"error","message":"Redis error: getaddrinfo ENOTFOUND redis","timestamp":"2026-07-27T09:47:56.799Z"}
{"level":"warn","message":"Redis connection closed","timestamp":"2026-07-27T09:47:56.800Z"}
{"level":"error","message":"Redis error: getaddrinfo ENOTFOUND redis","timestamp":"2026-07-27T09:48:01.482Z"}
{"level":"warn","message":"Redis connection closed","timestamp":"2026-07-27T09:48:01.482Z"}
{"level":"error","message":"Redis error: getaddrinfo ENOTFOUND redis","timestamp":"2026-07-27T09:48:05.766Z"}
{"level":"warn","message":"Redis connection closed","timestamp":"2026-07-27T09:48:05.767Z"}
{"level":"error","message":"Redis error: getaddrinfo ENOTFOUND redis","timestamp":"2026-07-27T09:48:10.464Z"}
{"level":"warn","message":"Redis connection closed","timestamp":"2026-07-27T09:48:10.465Z"}
{"level":"error","message":"Redis error: getaddrinfo ENOTFOUND redis","timestamp":"2026-07-27T09:48:14.746Z"}
{"level":"warn","message":"Redis connection closed","timestamp":"2026-07-27T09:48:14.746Z"}
{"level":"error","message":"Redis error: getaddrinfo ENOTFOUND redis","timestamp":"2026-07-27T09:48:19.445Z"}
{"level":"warn","message":"Redis connection closed","timestamp":"2026-07-27T09:48:19.446Z"}
{"level":"error","message":"Redis error: getaddrinfo ENOTFOUND redis","timestamp":"2026-07-27T09:48:23.714Z"}
{"level":"warn","message":"Redis connection closed","timestamp":"2026-07-27T09:48:23.715Z"}
{"level":"error","message":"Redis error: getaddrinfo ENOTFOUND redis","timestamp":"2026-07-27T09:48:28.413Z"}
{"level":"warn","message":"Redis connection closed","timestamp":"2026-07-27T09:48:28.413Z"}
{"level":"error","message":"Redis error: getaddrinfo ENOTFOUND redis","timestamp":"2026-07-27T09:48:32.696Z"}
{"level":"warn","message":"Redis connection closed","timestamp":"2026-07-27T09:48:32.696Z"}
{"level":"error","message":"Redis error: getaddrinfo ENOTFOUND redis","timestamp":"2026-07-27T09:48:37.380Z"}
{"level":"warn","message":"Redis connection closed","timestamp":"2026-07-27T09:48:37.381Z"}
{"level":"error","message":"Redis error: getaddrinfo ENOTFOUND redis","timestamp":"2026-07-27T09:48:41.664Z"}
{"level":"warn","message":"Redis connection closed","timestamp":"2026-07-27T09:48:41.665Z"}
{"level":"error","message":"Redis error: getaddrinfo ENOTFOUND redis","timestamp":"2026-07-27T09:48:46.346Z"}
{"level":"warn","message":"Redis connection closed","timestamp":"2026-07-27T09:48:46.347Z"}
{"level":"error","message":"Redis error: getaddrinfo ENOTFOUND redis","timestamp":"2026-07-27T09:48:50.629Z"}
{"level":"warn","message":"Redis connection closed","timestamp":"2026-07-27T09:48:50.630Z"}
{"level":"error","message":"Redis error: getaddrinfo ENOTFOUND redis","timestamp":"2026-07-27T09:48:55.326Z"}
{"level":"warn","message":"Redis connection closed","timestamp":"2026-07-27T09:48:55.327Z"}
{"level":"error","message":"Redis error: getaddrinfo ENOTFOUND redis","timestamp":"2026-07-27T09:48:59.595Z"}
{"level":"warn","message":"Redis connection closed","timestamp":"2026-07-27T09:48:59.595Z"}
{"level":"error","message":"Redis error: getaddrinfo ENOTFOUND redis","timestamp":"2026-07-27T09:49:04.294Z"}
{"level":"warn","message":"Redis connection closed","timestamp":"2026-07-27T09:49:04.295Z"}
{"level":"error","message":"Redis error: getaddrinfo ENOTFOUND redis","timestamp":"2026-07-27T09:49:08.561Z"}
{"level":"warn","message":"Redis connection closed","timestamp":"2026-07-27T09:49:08.561Z"}
{"level":"error","message":"Redis error: getaddrinfo ENOTFOUND redis","timestamp":"2026-07-27T09:49:12.828Z"}
{"level":"warn","message":"Redis connection closed","timestamp":"2026-07-27T09:49:12.828Z"}
{"level":"error","message":"Redis error: getaddrinfo ENOTFOUND redis","timestamp":"2026-07-27T09:49:17.529Z"}
{"level":"warn","message":"Redis connection closed","timestamp":"2026-07-27T09:49:17.530Z"}
{"level":"error","message":"Redis error: getaddrinfo ENOTFOUND redis","timestamp":"2026-07-27T09:49:21.812Z"}
{"level":"warn","message":"Redis connection closed","timestamp":"2026-07-27T09:49:21.813Z"}
{"level":"error","message":"Redis error: getaddrinfo ENOTFOUND redis","timestamp":"2026-07-27T09:49:26.496Z"}
{"level":"warn","message":"Redis connection closed","timestamp":"2026-07-27T09:49:26.496Z"}
{"level":"error","message":"Redis error: getaddrinfo ENOTFOUND redis","timestamp":"2026-07-27T09:49:30.777Z"}
{"level":"warn","message":"Redis connection closed","timestamp":"2026-07-27T09:49:30.778Z"}
{"level":"error","message":"Redis error: getaddrinfo ENOTFOUND redis","timestamp":"2026-07-27T09:49:35.462Z"}
{"level":"warn","message":"Redis connection closed","timestamp":"2026-07-27T09:49:35.463Z"}
{"level":"error","message":"Redis error: getaddrinfo ENOTFOUND redis","timestamp":"2026-07-27T09:49:39.745Z"}
{"level":"warn","message":"Redis connection closed","timestamp":"2026-07-27T09:49:39.746Z"}
{"level":"error","message":"Redis error: getaddrinfo ENOTFOUND redis","timestamp":"2026-07-27T09:49:44.429Z"}
{"level":"warn","message":"Redis connection closed","timestamp":"2026-07-27T09:49:44.429Z"}
{"level":"error","message":"Redis error: getaddrinfo ENOTFOUND redis","timestamp":"2026-07-27T09:49:48.710Z"}
{"level":"warn","message":"Redis connection closed","timestamp":"2026-07-27T09:49:48.711Z"}
{"level":"error","message":"Redis error: getaddrinfo ENOTFOUND redis","timestamp":"2026-07-27T09:49:53.412Z"}
{"level":"warn","message":"Redis connection closed","timestamp":"2026-07-27T09:49:53.413Z"}
{"level":"error","message":"Redis error: getaddrinfo ENOTFOUND redis","timestamp":"2026-07-27T09:49:57.694Z"}
{"level":"warn","message":"Redis connection closed","timestamp":"2026-07-27T09:49:57.695Z"}
{"level":"error","message":"Redis error: getaddrinfo ENOTFOUND redis","timestamp":"2026-07-27T09:50:02.378Z"}
{"level":"warn","message":"Redis connection closed","timestamp":"2026-07-27T09:50:02.378Z"}
{"level":"error","message":"Redis error: getaddrinfo ENOTFOUND redis","timestamp":"2026-07-27T09:50:06.661Z"}
{"level":"warn","message":"Redis connection closed","timestamp":"2026-07-27T09:50:06.662Z"}
{"level":"error","message":"Redis error: getaddrinfo ENOTFOUND redis","timestamp":"2026-07-27T09:50:11.361Z"}
{"level":"warn","message":"Redis connection closed","timestamp":"2026-07-27T09:50:11.362Z"}
{"level":"error","message":"Redis error: getaddrinfo ENOTFOUND redis","timestamp":"2026-07-27T09:50:15.657Z"}
{"level":"warn","message":"Redis connection closed","timestamp":"2026-07-27T09:50:15.657Z"}
{"level":"error","message":"Redis error: getaddrinfo ENOTFOUND redis","timestamp":"2026-07-27T09:50:20.326Z"}
{"level":"warn","message":"Redis connection closed","timestamp":"2026-07-27T09:50:20.327Z"}
{"level":"error","message":"Redis error: getaddrinfo ENOTFOUND redis","timestamp":"2026-07-27T09:50:24.625Z"}
{"level":"warn","message":"Redis connection closed","timestamp":"2026-07-27T09:50:24.625Z"}
{"level":"error","message":"Redis error: getaddrinfo ENOTFOUND redis","timestamp":"2026-07-27T09:50:29.326Z"}
{"level":"warn","message":"Redis connection closed","timestamp":"2026-07-27T09:50:29.327Z"}
{"level":"error","message":"Redis error: getaddrinfo ENOTFOUND redis","timestamp":"2026-07-27T09:50:33.608Z"}
{"level":"warn","message":"Redis connection closed","timestamp":"2026-07-27T09:50:33.608Z"}
{"level":"error","message":"Redis error: getaddrinfo ENOTFOUND redis","timestamp":"2026-07-27T09:50:38.293Z"}
{"level":"warn","message":"Redis connection closed","timestamp":"2026-07-27T09:50:38.293Z"}
{"level":"error","message":"Redis error: getaddrinfo ENOTFOUND redis","timestamp":"2026-07-27T09:50:42.578Z"}
{"level":"warn","message":"Redis connection closed","timestamp":"2026-07-27T09:50:42.579Z"}
{"level":"error","message":"Redis error: getaddrinfo ENOTFOUND redis","timestamp":"2026-07-27T09:50:47.276Z"}
{"level":"warn","message":"Redis connection closed","timestamp":"2026-07-27T09:50:47.277Z"}
{"level":"error","message":"Redis error: getaddrinfo ENOTFOUND redis","timestamp":"2026-07-27T09:50:51.575Z"}
{"level":"warn","message":"Redis connection closed","timestamp":"2026-07-27T09:50:51.576Z"}
{"level":"error","message":"Uncaught Exception: Error: listen EADDRINUSE: address already in use 0.0.0.0:5000\n    at Server.setupListenHandle [as _listen2] (node:net:1907:16)\n    at listenInCluster (node:net:1964:12)\n    at node:net:2170:7\n    at process.processTicksAndRejections (node:internal/process/task_queues:90:21)","timestamp":"2026-07-27T09:50:55.956Z"}
{"level":"info","message":"Received uncaughtException. Shutting down gracefully...","timestamp":"2026-07-27T09:50:55.962Z"}
{"level":"error","message":"Uncaught Exception: Error: listen EADDRINUSE: address already in use 0.0.0.0:5000\n    at Server.setupListenHandle [as _listen2] (node:net:1907:16)\n    at listenInCluster (node:net:1964:12)\n    at node:net:2170:7\n    at process.processTicksAndRejections (node:internal/process/task_queues:90:21)","timestamp":"2026-07-27T09:50:55.962Z"}
{"level":"info","message":"Received uncaughtException. Shutting down gracefully...","timestamp":"2026-07-27T09:50:55.969Z"}
{"level":"error","message":"Uncaught Exception: Error: listen EADDRINUSE: address already in use 0.0.0.0:5000\n    at Server.setupListenHandle [as _listen2] (node:net:1907:16)\n    at listenInCluster (node:net:1964:12)\n    at node:net:2170:7\n    at process.processTicksAndRejections (node:internal/process/task_queues:90:21)","timestamp":"2026-07-27T09:50:55.972Z"}
{"level":"error","message":"Uncaught Exception: Error: listen EADDRINUSE: address already in use 0.0.0.0:5000\n    at Server.setupListenHandle [as _listen2] (node:net:1907:16)\n    at listenInCluster (node:net:1964:12)\n    at node:net:2170:7\n    at process.processTicksAndRejections (node:internal/process/task_queues:90:21)","timestamp":"2026-07-27T09:50:55.972Z"}
{"level":"info","message":"Received uncaughtException. Shutting down gracefully...","timestamp":"2026-07-27T09:50:55.978Z"}
{"level":"info","message":"Received uncaughtException. Shutting down gracefully...","timestamp":"2026-07-27T09:50:55.978Z"}
{"level":"error","message":"Uncaught Exception: Error: listen EADDRINUSE: address already in use 0.0.0.0:5000\n    at Server.setupListenHandle [as _listen2] (node:net:1907:16)\n    at listenInCluster (node:net:1964:12)\n    at node:net:2170:7\n    at process.processTicksAndRejections (node:internal/process/task_queues:90:21)","timestamp":"2026-07-27T09:50:55.984Z"}
{"level":"error","message":"Uncaught Exception: Error: listen EADDRINUSE: address already in use 0.0.0.0:5000\n    at Server.setupListenHandle [as _listen2] (node:net:1907:16)\n    at listenInCluster (node:net:1964:12)\n    at node:net:2170:7\n    at process.processTicksAndRejections (node:internal/process/task_queues:90:21)","timestamp":"2026-07-27T09:50:55.986Z"}
{"level":"info","message":"Received uncaughtException. Shutting down gracefully...","timestamp":"2026-07-27T09:50:55.990Z"}
{"level":"info","message":"Received uncaughtException. Shutting down gracefully...","timestamp":"2026-07-27T09:50:55.991Z"}
{"level":"error","message":"Uncaught Exception: Error: listen EADDRINUSE: address already in use 0.0.0.0:5000\n    at Server.setupListenHandle [as _listen2] (node:net:1907:16)\n    at listenInCluster (node:net:1964:12)\n    at node:net:2170:7\n    at process.processTicksAndRejections (node:internal/process/task_queues:90:21)","timestamp":"2026-07-27T09:50:56.016Z"}
{"level":"info","message":"Received uncaughtException. Shutting down gracefully...","timestamp":"2026-07-27T09:50:56.019Z"}
{"level":"error","message":"Uncaught Exception: Error: listen EADDRINUSE: address already in use 0.0.0.0:5000\n    at Server.setupListenHandle [as _listen2] (node:net:1907:16)\n    at listenInCluster (node:net:1964:12)\n    at node:net:2170:7\n    at process.processTicksAndRejections (node:internal/process/task_queues:90:21)","timestamp":"2026-07-27T09:50:56.097Z"}
{"level":"info","message":"Received uncaughtException. Shutting down gracefully...","timestamp":"2026-07-27T09:50:56.101Z"}
{"level":"error","message":"Redis error: getaddrinfo ENOTFOUND redis","timestamp":"2026-07-27T09:50:56.291Z"}
{"level":"warn","message":"Redis connection closed","timestamp":"2026-07-27T09:50:56.291Z"}
{"level":"error","message":"Redis error: getaddrinfo ENOTFOUND redis","timestamp":"2026-07-27T09:51:00.558Z"}
{"level":"warn","message":"Redis connection closed","timestamp":"2026-07-27T09:51:00.558Z"}
{"level":"error","message":"Redis error: getaddrinfo ENOTFOUND redis","timestamp":"2026-07-27T09:51:04.825Z"}
{"level":"warn","message":"Redis connection closed","timestamp":"2026-07-27T09:51:04.826Z"}
{"level":"error","message":"Redis error: getaddrinfo ENOTFOUND redis","timestamp":"2026-07-27T09:51:09.540Z"}
{"level":"warn","message":"Redis connection closed","timestamp":"2026-07-27T09:51:09.541Z"}
{"level":"error","message":"Redis error: getaddrinfo ENOTFOUND redis","timestamp":"2026-07-27T09:51:13.807Z"}
{"level":"warn","message":"Redis connection closed","timestamp":"2026-07-27T09:51:13.808Z"}
{"level":"error","message":"Redis error: getaddrinfo ENOTFOUND redis","timestamp":"2026-07-27T09:51:18.527Z"}
{"level":"warn","message":"Redis connection closed","timestamp":"2026-07-27T09:51:18.529Z"}
{"level":"error","message":"Uncaught Exception: Error: listen EADDRINUSE: address already in use 0.0.0.0:5000\n    at Server.setupListenHandle [as _listen2] (node:net:1907:16)\n    at listenInCluster (node:net:1964:12)\n    at node:net:2170:7\n    at process.processTicksAndRejections (node:internal/process/task_queues:90:21)","timestamp":"2026-07-27T09:51:18.648Z"}
{"level":"info","message":"Received uncaughtException. Shutting down gracefully...","timestamp":"2026-07-27T09:51:18.653Z"}
{"level":"error","message":"Uncaught Exception: Error: listen EADDRINUSE: address already in use 0.0.0.0:5000\n    at Server.setupListenHandle [as _listen2] (node:net:1907:16)\n    at listenInCluster (node:net:1964:12)\n    at node:net:2170:7\n    at process.processTicksAndRejections (node:internal/process/task_queues:90:21)","timestamp":"2026-07-27T09:51:18.660Z"}
{"level":"info","message":"Received uncaughtException. Shutting down gracefully...","timestamp":"2026-07-27T09:51:18.666Z"}
{"level":"error","message":"Uncaught Exception: Error: listen EADDRINUSE: address already in use 0.0.0.0:5000\n    at Server.setupListenHandle [as _listen2] (node:net:1907:16)\n    at listenInCluster (node:net:1964:12)\n    at node:net:2170:7\n    at process.processTicksAndRejections (node:internal/process/task_queues:90:21)","timestamp":"2026-07-27T09:51:18.666Z"}
{"level":"error","message":"Uncaught Exception: Error: listen EADDRINUSE: address already in use 0.0.0.0:5000\n    at Server.setupListenHandle [as _listen2] (node:net:1907:16)\n    at listenInCluster (node:net:1964:12)\n    at node:net:2170:7\n    at process.processTicksAndRejections (node:internal/process/task_queues:90:21)","timestamp":"2026-07-27T09:51:18.665Z"}
{"level":"info","message":"Received uncaughtException. Shutting down gracefully...","timestamp":"2026-07-27T09:51:18.674Z"}
{"level":"info","message":"Received uncaughtException. Shutting down gracefully...","timestamp":"2026-07-27T09:51:18.673Z"}
{"level":"error","message":"Uncaught Exception: Error: listen EADDRINUSE: address already in use 0.0.0.0:5000\n    at Server.setupListenHandle [as _listen2] (node:net:1907:16)\n    at listenInCluster (node:net:1964:12)\n    at node:net:2170:7\n    at process.processTicksAndRejections (node:internal/process/task_queues:90:21)","timestamp":"2026-07-27T09:51:18.678Z"}
{"level":"info","message":"Received uncaughtException. Shutting down gracefully...","timestamp":"2026-07-27T09:51:18.683Z"}
{"level":"error","message":"Uncaught Exception: Error: listen EADDRINUSE: address already in use 0.0.0.0:5000\n    at Server.setupListenHandle [as _listen2] (node:net:1907:16)\n    at listenInCluster (node:net:1964:12)\n    at node:net:2170:7\n    at process.processTicksAndRejections (node:internal/process/task_queues:90:21)","timestamp":"2026-07-27T09:51:18.685Z"}
{"level":"info","message":"Received uncaughtException. Shutting down gracefully...","timestamp":"2026-07-27T09:51:18.693Z"}
{"level":"error","message":"Uncaught Exception: Error: listen EADDRINUSE: address already in use 0.0.0.0:5000\n    at Server.setupListenHandle [as _listen2] (node:net:1907:16)\n    at listenInCluster (node:net:1964:12)\n    at node:net:2170:7\n    at process.processTicksAndRejections (node:internal/process/task_queues:90:21)","timestamp":"2026-07-27T09:51:18.704Z"}
{"level":"info","message":"Received uncaughtException. Shutting down gracefully...","timestamp":"2026-07-27T09:51:18.709Z"}
{"level":"error","message":"Uncaught Exception: Error: listen EADDRINUSE: address already in use 0.0.0.0:5000\n    at Server.setupListenHandle [as _listen2] (node:net:1907:16)\n    at listenInCluster (node:net:1964:12)\n    at node:net:2170:7\n    at process.processTicksAndRejections (node:internal/process/task_queues:90:21)","timestamp":"2026-07-27T09:51:18.729Z"}
{"level":"info","message":"Received uncaughtException. Shutting down gracefully...","timestamp":"2026-07-27T09:51:18.732Z"}
{"level":"error","message":"Redis error: getaddrinfo ENOTFOUND redis","timestamp":"2026-07-27T09:51:22.808Z"}
{"level":"warn","message":"Redis connection closed","timestamp":"2026-07-27T09:51:22.808Z"}
{"level":"error","message":"Redis error: getaddrinfo ENOTFOUND redis","timestamp":"2026-07-27T09:51:27.509Z"}
{"level":"warn","message":"Redis connection closed","timestamp":"2026-07-27T09:51:27.510Z"}
{"level":"error","message":"Redis error: getaddrinfo ENOTFOUND redis","timestamp":"2026-07-27T09:51:31.794Z"}
{"level":"warn","message":"Redis connection closed","timestamp":"2026-07-27T09:51:31.794Z"}
{"level":"error","message":"Redis error: getaddrinfo ENOTFOUND redis","timestamp":"2026-07-27T09:51:36.492Z"}
{"level":"warn","message":"Redis connection closed","timestamp":"2026-07-27T09:51:36.492Z"}
{"level":"error","message":"Redis error: getaddrinfo ENOTFOUND redis","timestamp":"2026-07-27T09:51:40.790Z"}
{"level":"warn","message":"Redis connection closed","timestamp":"2026-07-27T09:51:40.791Z"}
{"level":"error","message":"Redis error: getaddrinfo ENOTFOUND redis","timestamp":"2026-07-27T09:51:45.490Z"}
{"level":"warn","message":"Redis connection closed","timestamp":"2026-07-27T09:51:45.491Z"}
{"level":"error","message":"Redis error: getaddrinfo ENOTFOUND redis","timestamp":"2026-07-27T09:51:49.790Z"}
{"level":"warn","message":"Redis connection closed","timestamp":"2026-07-27T09:51:49.790Z"}
{"level":"error","message":"Redis error: getaddrinfo ENOTFOUND redis","timestamp":"2026-07-27T09:51:54.472Z"}
{"level":"warn","message":"Redis connection closed","timestamp":"2026-07-27T09:51:54.473Z"}
{"level":"error","message":"Redis error: getaddrinfo ENOTFOUND redis","timestamp":"2026-07-27T09:51:58.756Z"}
{"level":"warn","message":"Redis connection closed","timestamp":"2026-07-27T09:51:58.757Z"}
{"level":"error","message":"Redis error: getaddrinfo ENOTFOUND redis","timestamp":"2026-07-27T09:52:03.426Z"}
{"level":"warn","message":"Redis connection closed","timestamp":"2026-07-27T09:52:03.427Z"}
{"level":"error","message":"Redis error: getaddrinfo ENOTFOUND redis","timestamp":"2026-07-27T09:52:07.706Z"}
{"level":"warn","message":"Redis connection closed","timestamp":"2026-07-27T09:52:07.707Z"}
{"level":"error","message":"Redis error: getaddrinfo ENOTFOUND redis","timestamp":"2026-07-27T09:52:12.406Z"}
{"level":"warn","message":"Redis connection closed","timestamp":"2026-07-27T09:52:12.406Z"}
{"level":"error","message":"Redis error: getaddrinfo ENOTFOUND redis","timestamp":"2026-07-27T09:52:16.689Z"}
{"level":"warn","message":"Redis connection closed","timestamp":"2026-07-27T09:52:16.690Z"}
{"level":"error","message":"Redis error: getaddrinfo ENOTFOUND redis","timestamp":"2026-07-27T09:52:21.390Z"}
{"level":"warn","message":"Redis connection closed","timestamp":"2026-07-27T09:52:21.391Z"}
{"level":"error","message":"Redis error: getaddrinfo ENOTFOUND redis","timestamp":"2026-07-27T09:52:25.689Z"}
{"level":"warn","message":"Redis connection closed","timestamp":"2026-07-27T09:52:25.690Z"}
{"level":"error","message":"Redis error: getaddrinfo ENOTFOUND redis","timestamp":"2026-07-27T09:52:30.389Z"}
{"level":"warn","message":"Redis connection closed","timestamp":"2026-07-27T09:52:30.389Z"}
{"level":"error","message":"Redis error: getaddrinfo ENOTFOUND redis","timestamp":"2026-07-27T09:52:34.657Z"}
{"level":"warn","message":"Redis connection closed","timestamp":"2026-07-27T09:52:34.657Z"}
{"level":"error","message":"Redis error: getaddrinfo ENOTFOUND redis","timestamp":"2026-07-27T09:52:39.371Z"}
{"level":"warn","message":"Redis connection closed","timestamp":"2026-07-27T09:52:39.372Z"}
{"level":"error","message":"Redis error: getaddrinfo ENOTFOUND redis","timestamp":"2026-07-27T09:52:43.655Z"}
{"level":"warn","message":"Redis connection closed","timestamp":"2026-07-27T09:52:43.655Z"}
{"level":"error","message":"Redis error: getaddrinfo ENOTFOUND redis","timestamp":"2026-07-27T09:52:48.338Z"}
{"level":"warn","message":"Redis connection closed","timestamp":"2026-07-27T09:52:48.339Z"}
{"level":"error","message":"Redis error: getaddrinfo ENOTFOUND redis","timestamp":"2026-07-27T09:52:52.621Z"}
{"level":"warn","message":"Redis connection closed","timestamp":"2026-07-27T09:52:52.622Z"}
{"level":"error","message":"Redis error: getaddrinfo ENOTFOUND redis","timestamp":"2026-07-27T09:52:57.321Z"}
{"level":"warn","message":"Redis connection closed","timestamp":"2026-07-27T09:52:57.322Z"}
{"level":"error","message":"Redis error: getaddrinfo ENOTFOUND redis","timestamp":"2026-07-27T09:53:01.623Z"}
{"level":"warn","message":"Redis connection closed","timestamp":"2026-07-27T09:53:01.624Z"}
{"level":"error","message":"Redis error: getaddrinfo ENOTFOUND redis","timestamp":"2026-07-27T09:53:06.305Z"}
{"level":"warn","message":"Redis connection closed","timestamp":"2026-07-27T09:53:06.306Z"}
{"level":"error","message":"Redis error: getaddrinfo ENOTFOUND redis","timestamp":"2026-07-27T09:53:10.604Z"}
{"level":"warn","message":"Redis connection closed","timestamp":"2026-07-27T09:53:10.605Z"}
{"level":"error","message":"Redis error: getaddrinfo ENOTFOUND redis","timestamp":"2026-07-27T09:53:15.304Z"}
{"level":"warn","message":"Redis connection closed","timestamp":"2026-07-27T09:53:15.304Z"}
{"level":"error","message":"Redis error: getaddrinfo ENOTFOUND redis","timestamp":"2026-07-27T09:53:19.603Z"}
{"level":"warn","message":"Redis connection closed","timestamp":"2026-07-27T09:53:19.603Z"}
{"level":"error","message":"Redis error: getaddrinfo ENOTFOUND redis","timestamp":"2026-07-27T09:53:24.272Z"}
{"level":"warn","message":"Redis connection closed","timestamp":"2026-07-27T09:53:24.272Z"}
{"level":"error","message":"Redis error: getaddrinfo ENOTFOUND redis","timestamp":"2026-07-27T09:53:28.570Z"}
{"level":"warn","message":"Redis connection closed","timestamp":"2026-07-27T09:53:28.570Z"}
{"level":"error","message":"Redis error: getaddrinfo ENOTFOUND redis","timestamp":"2026-07-27T09:53:32.836Z"}
{"level":"warn","message":"Redis connection closed","timestamp":"2026-07-27T09:53:32.837Z"}
{"level":"error","message":"Redis error: getaddrinfo ENOTFOUND redis","timestamp":"2026-07-27T09:53:37.519Z"}
{"level":"warn","message":"Redis connection closed","timestamp":"2026-07-27T09:53:37.520Z"}
{"level":"error","message":"Redis error: getaddrinfo ENOTFOUND redis","timestamp":"2026-07-27T09:53:41.786Z"}
{"level":"warn","message":"Redis connection closed","timestamp":"2026-07-27T09:53:41.787Z"}
{"level":"error","message":"Redis error: getaddrinfo ENOTFOUND redis","timestamp":"2026-07-27T09:53:46.483Z"}
{"level":"warn","message":"Redis connection closed","timestamp":"2026-07-27T09:53:46.483Z"}
{"level":"error","message":"Redis error: getaddrinfo ENOTFOUND redis","timestamp":"2026-07-27T09:53:50.752Z"}
{"level":"warn","message":"Redis connection closed","timestamp":"2026-07-27T09:53:50.753Z"}
{"level":"error","message":"Redis error: getaddrinfo ENOTFOUND redis","timestamp":"2026-07-27T09:53:55.435Z"}
{"level":"warn","message":"Redis connection closed","timestamp":"2026-07-27T09:53:55.436Z"}
{"level":"error","message":"Redis error: getaddrinfo ENOTFOUND redis","timestamp":"2026-07-27T09:53:59.718Z"}
{"level":"warn","message":"Redis connection closed","timestamp":"2026-07-27T09:53:59.719Z"}
{"level":"error","message":"Redis error: getaddrinfo ENOTFOUND redis","timestamp":"2026-07-27T09:54:04.419Z"}
{"level":"warn","message":"Redis connection closed","timestamp":"2026-07-27T09:54:04.420Z"}
{"level":"error","message":"Redis error: getaddrinfo ENOTFOUND redis","timestamp":"2026-07-27T09:54:08.701Z"}
{"level":"warn","message":"Redis connection closed","timestamp":"2026-07-27T09:54:08.702Z"}
{"level":"error","message":"Redis error: getaddrinfo ENOTFOUND redis","timestamp":"2026-07-27T09:54:13.383Z"}
{"level":"warn","message":"Redis connection closed","timestamp":"2026-07-27T09:54:13.384Z"}
{"level":"error","message":"Redis error: getaddrinfo ENOTFOUND redis","timestamp":"2026-07-27T09:54:17.651Z"}
{"level":"warn","message":"Redis connection closed","timestamp":"2026-07-27T09:54:17.652Z"}
{"level":"error","message":"Redis error: getaddrinfo ENOTFOUND redis","timestamp":"2026-07-27T09:54:22.334Z"}
{"level":"warn","message":"Redis connection closed","timestamp":"2026-07-27T09:54:22.335Z"}
{"level":"error","message":"Redis error: getaddrinfo ENOTFOUND redis","timestamp":"2026-07-27T09:54:26.634Z"}
{"level":"warn","message":"Redis connection closed","timestamp":"2026-07-27T09:54:26.634Z"}
{"level":"error","message":"Redis error: getaddrinfo ENOTFOUND redis","timestamp":"2026-07-27T09:54:31.333Z"}
{"level":"warn","message":"Redis connection closed","timestamp":"2026-07-27T09:54:31.334Z"}
{"level":"error","message":"Redis error: getaddrinfo ENOTFOUND redis","timestamp":"2026-07-27T09:54:35.617Z"}
{"level":"warn","message":"Redis connection closed","timestamp":"2026-07-27T09:54:35.618Z"}
{"level":"error","message":"Redis error: getaddrinfo ENOTFOUND redis","timestamp":"2026-07-27T09:54:40.317Z"}
{"level":"warn","message":"Redis connection closed","timestamp":"2026-07-27T09:54:40.317Z"}
{"level":"error","message":"Redis error: getaddrinfo ENOTFOUND redis","timestamp":"2026-07-27T09:54:44.600Z"}
{"level":"warn","message":"Redis connection closed","timestamp":"2026-07-27T09:54:44.601Z"}
{"level":"error","message":"Redis error: getaddrinfo ENOTFOUND redis","timestamp":"2026-07-27T09:54:49.301Z"}
{"level":"warn","message":"Redis connection closed","timestamp":"2026-07-27T09:54:49.301Z"}
{"level":"error","message":"Redis error: getaddrinfo ENOTFOUND redis","timestamp":"2026-07-27T09:54:53.583Z"}
{"level":"warn","message":"Redis connection closed","timestamp":"2026-07-27T09:54:53.584Z"}
{"level":"error","message":"Redis error: getaddrinfo ENOTFOUND redis","timestamp":"2026-07-27T09:54:58.299Z"}
{"level":"warn","message":"Redis connection closed","timestamp":"2026-07-27T09:54:58.300Z"}
{"level":"error","message":"Redis error: getaddrinfo ENOTFOUND redis","timestamp":"2026-07-27T09:55:02.581Z"}
{"level":"warn","message":"Redis connection closed","timestamp":"2026-07-27T09:55:02.581Z"}
{"level":"error","message":"Redis error: getaddrinfo ENOTFOUND redis","timestamp":"2026-07-27T09:55:07.282Z"}
{"level":"warn","message":"Redis connection closed","timestamp":"2026-07-27T09:55:07.283Z"}
{"level":"error","message":"Redis error: getaddrinfo ENOTFOUND redis","timestamp":"2026-07-27T09:55:11.550Z"}
{"level":"warn","message":"Redis connection closed","timestamp":"2026-07-27T09:55:11.551Z"}
{"level":"error","message":"Redis error: getaddrinfo ENOTFOUND redis","timestamp":"2026-07-27T09:55:15.847Z"}
{"level":"warn","message":"Redis connection closed","timestamp":"2026-07-27T09:55:15.848Z"}
{"level":"error","message":"Redis error: getaddrinfo ENOTFOUND redis","timestamp":"2026-07-27T09:55:20.532Z"}
{"level":"warn","message":"Redis connection closed","timestamp":"2026-07-27T09:55:20.534Z"}
{"level":"error","message":"Redis error: getaddrinfo ENOTFOUND redis","timestamp":"2026-07-27T09:55:24.817Z"}
{"level":"warn","message":"Redis connection closed","timestamp":"2026-07-27T09:55:24.817Z"}
{"level":"error","message":"Redis error: getaddrinfo ENOTFOUND redis","timestamp":"2026-07-27T09:55:29.499Z"}
{"level":"warn","message":"Redis connection closed","timestamp":"2026-07-27T09:55:29.500Z"}
{"level":"error","message":"Redis error: getaddrinfo ENOTFOUND redis","timestamp":"2026-07-27T09:55:33.783Z"}
{"level":"warn","message":"Redis connection closed","timestamp":"2026-07-27T09:55:33.783Z"}
{"level":"error","message":"Redis error: getaddrinfo ENOTFOUND redis","timestamp":"2026-07-27T09:55:38.482Z"}
{"level":"warn","message":"Redis connection closed","timestamp":"2026-07-27T09:55:38.483Z"}
{"level":"error","message":"Redis error: getaddrinfo ENOTFOUND redis","timestamp":"2026-07-27T09:55:42.748Z"}
{"level":"warn","message":"Redis connection closed","timestamp":"2026-07-27T09:55:42.749Z"}
{"level":"error","message":"Redis error: getaddrinfo ENOTFOUND redis","timestamp":"2026-07-27T09:55:47.431Z"}
{"level":"warn","message":"Redis connection closed","timestamp":"2026-07-27T09:55:47.431Z"}
{"level":"error","message":"Redis error: getaddrinfo ENOTFOUND redis","timestamp":"2026-07-27T09:55:51.731Z"}
{"level":"warn","message":"Redis connection closed","timestamp":"2026-07-27T09:55:51.731Z"}
{"level":"error","message":"Redis error: getaddrinfo ENOTFOUND redis","timestamp":"2026-07-27T09:55:56.407Z"}
{"level":"warn","message":"Redis connection closed","timestamp":"2026-07-27T09:55:56.408Z"}
{"level":"error","message":"Redis error: getaddrinfo ENOTFOUND redis","timestamp":"2026-07-27T09:56:00.686Z"}
{"level":"warn","message":"Redis connection closed","timestamp":"2026-07-27T09:56:00.686Z"}
{"level":"error","message":"Redis error: getaddrinfo ENOTFOUND redis","timestamp":"2026-07-27T09:56:05.398Z"}
{"level":"warn","message":"Redis connection closed","timestamp":"2026-07-27T09:56:05.399Z"}
{"level":"error","message":"Redis error: getaddrinfo ENOTFOUND redis","timestamp":"2026-07-27T09:56:09.704Z"}
{"level":"warn","message":"Redis connection closed","timestamp":"2026-07-27T09:56:09.704Z"}
{"level":"error","message":"Redis error: getaddrinfo ENOTFOUND redis","timestamp":"2026-07-27T09:56:14.419Z"}
{"level":"warn","message":"Redis connection closed","timestamp":"2026-07-27T09:56:14.420Z"}
{"level":"error","message":"Redis error: getaddrinfo ENOTFOUND redis","timestamp":"2026-07-27T09:56:18.723Z"}
{"level":"warn","message":"Redis connection closed","timestamp":"2026-07-27T09:56:18.724Z"}
{"level":"error","message":"Redis error: getaddrinfo ENOTFOUND redis","timestamp":"2026-07-27T09:58:03.289Z"}
{"level":"warn","message":"Redis connection closed","timestamp":"2026-07-27T09:58:03.289Z"}
{"level":"error","message":"Redis error: getaddrinfo ENOTFOUND redis","timestamp":"2026-07-27T09:58:07.558Z"}
{"level":"warn","message":"Redis connection closed","timestamp":"2026-07-27T09:58:07.558Z"}
{"level":"error","message":"Redis error: getaddrinfo ENOTFOUND redis","timestamp":"2026-07-27T09:58:11.855Z"}
{"level":"warn","message":"Redis connection closed","timestamp":"2026-07-27T09:58:11.856Z"}
{"level":"error","message":"Redis error: getaddrinfo ENOTFOUND redis","timestamp":"2026-07-27T09:58:16.556Z"}
{"level":"warn","message":"Redis connection closed","timestamp":"2026-07-27T09:58:16.556Z"}
{"level":"error","message":"Uncaught Exception: Error: listen EADDRINUSE: address already in use 0.0.0.0:5000\n    at Server.setupListenHandle [as _listen2] (node:net:1907:16)\n    at listenInCluster (node:net:1964:12)\n    at node:net:2170:7\n    at process.processTicksAndRejections (node:internal/process/task_queues:90:21)","timestamp":"2026-07-27T09:58:20.705Z"}
{"level":"info","message":"Received uncaughtException. Shutting down gracefully...","timestamp":"2026-07-27T09:58:20.708Z"}
{"level":"error","message":"Redis error: getaddrinfo ENOTFOUND redis","timestamp":"2026-07-27T09:58:20.838Z"}
{"level":"warn","message":"Redis connection closed","timestamp":"2026-07-27T09:58:20.839Z"}
{"level":"error","message":"Redis error: getaddrinfo ENOTFOUND redis","timestamp":"2026-07-27T09:58:25.522Z"}
{"level":"warn","message":"Redis connection closed","timestamp":"2026-07-27T09:58:25.523Z"}
{"level":"error","message":"Redis error: getaddrinfo ENOTFOUND redis","timestamp":"2026-07-27T09:58:29.805Z"}
{"level":"warn","message":"Redis connection closed","timestamp":"2026-07-27T09:58:29.805Z"}
{"level":"error","message":"Redis error: getaddrinfo ENOTFOUND redis","timestamp":"2026-07-27T09:58:34.488Z"}
{"level":"warn","message":"Redis connection closed","timestamp":"2026-07-27T09:58:34.489Z"}
{"level":"error","message":"Redis error: getaddrinfo ENOTFOUND redis","timestamp":"2026-07-27T09:58:38.755Z"}
{"level":"warn","message":"Redis connection closed","timestamp":"2026-07-27T09:58:38.755Z"}
{"level":"info","message":"API listening on http://0.0.0.0:5000 (env=development)","timestamp":"2026-07-27T09:58:39.059Z"}
{"level":"info","message":"Swagger UI:      http://0.0.0.0:5000/api/docs","timestamp":"2026-07-27T09:58:39.062Z"}
{"level":"error","message":"Redis error: getaddrinfo ENOTFOUND redis","timestamp":"2026-07-27T09:58:43.438Z"}
{"level":"warn","message":"Redis connection closed","timestamp":"2026-07-27T09:58:43.439Z"}
{"level":"error","message":"Redis error: getaddrinfo ENOTFOUND redis","timestamp":"2026-07-27T09:58:47.746Z"}
{"level":"warn","message":"Redis connection closed","timestamp":"2026-07-27T09:58:47.747Z"}
{"level":"info","message":"GET /api/v1/health 200 4ms ip=127.0.0.1 user=anon","timestamp":"2026-07-27T09:58:50.708Z"}
{"level":"error","message":"Redis error: getaddrinfo ENOTFOUND redis","timestamp":"2026-07-27T09:58:52.438Z"}
{"level":"warn","message":"Redis connection closed","timestamp":"2026-07-27T09:58:52.438Z"}
{"level":"error","message":"Redis error: getaddrinfo ENOTFOUND redis","timestamp":"2026-07-27T09:58:56.733Z"}
{"level":"warn","message":"Redis connection closed","timestamp":"2026-07-27T09:58:56.733Z"}
{"level":"info","message":"GET /api/v1/health 200 1ms ip=127.0.0.1 user=anon","timestamp":"2026-07-27T09:58:57.315Z"}
{"level":"error","message":"Redis error: getaddrinfo ENOTFOUND redis","timestamp":"2026-07-27T09:59:01.415Z"}
{"level":"warn","message":"Redis connection closed","timestamp":"2026-07-27T09:59:01.415Z"}
{"level":"error","message":"Redis error: getaddrinfo ENOTFOUND redis","timestamp":"2026-07-27T09:59:05.686Z"}
{"level":"warn","message":"Redis connection closed","timestamp":"2026-07-27T09:59:05.687Z"}
{"level":"error","message":"Uncaught Exception: Error: listen EADDRINUSE: address already in use 0.0.0.0:5000\n    at Server.setupListenHandle [as _listen2] (node:net:1907:16)\n    at listenInCluster (node:net:1964:12)\n    at node:net:2170:7\n    at process.processTicksAndRejections (node:internal/process/task_queues:90:21)","timestamp":"2026-07-27T09:59:09.546Z"}
{"level":"info","message":"Received uncaughtException. Shutting down gracefully...","timestamp":"2026-07-27T09:59:09.549Z"}
{"level":"error","message":"Redis error: getaddrinfo ENOTFOUND redis","timestamp":"2026-07-27T09:59:10.403Z"}
{"level":"warn","message":"Redis connection closed","timestamp":"2026-07-27T09:59:10.404Z"}
{"level":"error","message":"Redis error: getaddrinfo ENOTFOUND redis","timestamp":"2026-07-27T09:59:14.680Z"}
{"level":"warn","message":"Redis connection closed","timestamp":"2026-07-27T09:59:14.681Z"}
{"level":"error","message":"Redis error: getaddrinfo ENOTFOUND redis","timestamp":"2026-07-27T09:59:19.381Z"}
{"level":"warn","message":"Redis connection closed","timestamp":"2026-07-27T09:59:19.382Z"}
{"level":"error","message":"Redis error: getaddrinfo ENOTFOUND redis","timestamp":"2026-07-27T09:59:23.653Z"}
{"level":"warn","message":"Redis connection closed","timestamp":"2026-07-27T09:59:23.653Z"}
{"level":"error","message":"Redis error: getaddrinfo ENOTFOUND redis","timestamp":"2026-07-27T09:59:28.350Z"}
{"level":"warn","message":"Redis connection closed","timestamp":"2026-07-27T09:59:28.350Z"}
{"level":"error","message":"Redis error: getaddrinfo ENOTFOUND redis","timestamp":"2026-07-27T09:59:32.633Z"}
{"level":"warn","message":"Redis connection closed","timestamp":"2026-07-27T09:59:32.634Z"}
{"level":"error","message":"Redis error: getaddrinfo ENOTFOUND redis","timestamp":"2026-07-27T09:59:37.317Z"}
{"level":"warn","message":"Redis connection closed","timestamp":"2026-07-27T09:59:37.317Z"}
{"level":"error","message":"Redis error: getaddrinfo ENOTFOUND redis","timestamp":"2026-07-27T09:59:41.601Z"}
{"level":"warn","message":"Redis connection closed","timestamp":"2026-07-27T09:59:41.602Z"}
{"level":"error","message":"Redis error: getaddrinfo ENOTFOUND redis","timestamp":"2026-07-27T09:59:46.296Z"}
{"level":"warn","message":"Redis connection closed","timestamp":"2026-07-27T09:59:46.297Z"}
{"level":"error","message":"Redis error: getaddrinfo ENOTFOUND redis","timestamp":"2026-07-27T09:59:50.575Z"}
{"level":"warn","message":"Redis connection closed","timestamp":"2026-07-27T09:59:50.576Z"}
{"level":"error","message":"Redis error: getaddrinfo ENOTFOUND redis","timestamp":"2026-07-27T09:59:55.283Z"}
{"level":"warn","message":"Redis connection closed","timestamp":"2026-07-27T09:59:55.283Z"}
{"level":"error","message":"Redis error: getaddrinfo ENOTFOUND redis","timestamp":"2026-07-27T09:59:59.567Z"}
{"level":"warn","message":"Redis connection closed","timestamp":"2026-07-27T09:59:59.568Z"}
{"level":"error","message":"Redis error: getaddrinfo ENOTFOUND redis","timestamp":"2026-07-27T10:00:03.848Z"}
{"level":"warn","message":"Redis connection closed","timestamp":"2026-07-27T10:00:03.849Z"}
{"level":"error","message":"Redis error: getaddrinfo ENOTFOUND redis","timestamp":"2026-07-27T10:00:08.566Z"}
{"level":"warn","message":"Redis connection closed","timestamp":"2026-07-27T10:00:08.567Z"}
{"level":"error","message":"Redis error: getaddrinfo ENOTFOUND redis","timestamp":"2026-07-27T10:00:12.833Z"}
{"level":"warn","message":"Redis connection closed","timestamp":"2026-07-27T10:00:12.834Z"}
{"level":"error","message":"Redis error: getaddrinfo ENOTFOUND redis","timestamp":"2026-07-27T10:00:17.548Z"}
{"level":"warn","message":"Redis connection closed","timestamp":"2026-07-27T10:00:17.549Z"}
{"level":"error","message":"Redis error: getaddrinfo ENOTFOUND redis","timestamp":"2026-07-27T10:00:21.831Z"}
{"level":"warn","message":"Redis connection closed","timestamp":"2026-07-27T10:00:21.831Z"}
{"level":"error","message":"Redis error: getaddrinfo ENOTFOUND redis","timestamp":"2026-07-27T10:00:26.500Z"}
{"level":"warn","message":"Redis connection closed","timestamp":"2026-07-27T10:00:26.501Z"}
{"level":"error","message":"Redis error: getaddrinfo ENOTFOUND redis","timestamp":"2026-07-27T10:00:30.783Z"}
{"level":"warn","message":"Redis connection closed","timestamp":"2026-07-27T10:00:30.783Z"}
{"level":"error","message":"Redis error: getaddrinfo ENOTFOUND redis","timestamp":"2026-07-27T10:00:35.481Z"}
{"level":"warn","message":"Redis connection closed","timestamp":"2026-07-27T10:00:35.481Z"}
{"level":"error","message":"Redis error: getaddrinfo ENOTFOUND redis","timestamp":"2026-07-27T10:00:39.749Z"}
{"level":"warn","message":"Redis connection closed","timestamp":"2026-07-27T10:00:39.749Z"}
{"level":"error","message":"Redis error: getaddrinfo ENOTFOUND redis","timestamp":"2026-07-27T10:00:44.456Z"}
{"level":"warn","message":"Redis connection closed","timestamp":"2026-07-27T10:00:44.456Z"}
{"level":"error","message":"Redis error: getaddrinfo ENOTFOUND redis","timestamp":"2026-07-27T10:00:48.752Z"}
{"level":"warn","message":"Redis connection closed","timestamp":"2026-07-27T10:00:48.752Z"}
{"level":"error","message":"Redis error: getaddrinfo ENOTFOUND redis","timestamp":"2026-07-27T10:00:53.457Z"}
{"level":"warn","message":"Redis connection closed","timestamp":"2026-07-27T10:00:53.458Z"}
{"level":"error","message":"Redis error: getaddrinfo ENOTFOUND redis","timestamp":"2026-07-27T10:00:57.751Z"}
{"level":"warn","message":"Redis connection closed","timestamp":"2026-07-27T10:00:57.751Z"}
{"level":"error","message":"Redis error: getaddrinfo ENOTFOUND redis","timestamp":"2026-07-27T10:01:02.458Z"}
{"level":"warn","message":"Redis connection closed","timestamp":"2026-07-27T10:01:02.458Z"}
{"level":"error","message":"Redis error: getaddrinfo ENOTFOUND redis","timestamp":"2026-07-27T10:01:06.736Z"}
{"level":"warn","message":"Redis connection closed","timestamp":"2026-07-27T10:01:06.736Z"}
{"level":"error","message":"Redis error: getaddrinfo ENOTFOUND redis","timestamp":"2026-07-27T10:01:11.441Z"}
{"level":"warn","message":"Redis connection closed","timestamp":"2026-07-27T10:01:11.441Z"}
{"level":"error","message":"Redis error: getaddrinfo ENOTFOUND redis","timestamp":"2026-07-27T10:01:15.716Z"}
{"level":"warn","message":"Redis connection closed","timestamp":"2026-07-27T10:01:15.716Z"}
{"level":"error","message":"Redis error: getaddrinfo ENOTFOUND redis","timestamp":"2026-07-27T10:01:20.411Z"}
{"level":"warn","message":"Redis connection closed","timestamp":"2026-07-27T10:01:20.411Z"}
{"level":"error","message":"Redis error: getaddrinfo ENOTFOUND redis","timestamp":"2026-07-27T10:01:24.686Z"}
{"level":"warn","message":"Redis connection closed","timestamp":"2026-07-27T10:01:24.686Z"}
{"level":"error","message":"Redis error: getaddrinfo ENOTFOUND redis","timestamp":"2026-07-27T10:01:29.381Z"}
{"level":"warn","message":"Redis connection closed","timestamp":"2026-07-27T10:01:29.382Z"}
{"level":"error","message":"Redis error: getaddrinfo ENOTFOUND redis","timestamp":"2026-07-27T10:01:33.671Z"}
{"level":"warn","message":"Redis connection closed","timestamp":"2026-07-27T10:01:33.672Z"}
{"level":"error","message":"Redis error: getaddrinfo ENOTFOUND redis","timestamp":"2026-07-27T10:01:38.355Z"}
{"level":"warn","message":"Redis connection closed","timestamp":"2026-07-27T10:01:38.356Z"}
{"level":"error","message":"Redis error: getaddrinfo ENOTFOUND redis","timestamp":"2026-07-27T10:01:42.633Z"}
{"level":"warn","message":"Redis connection closed","timestamp":"2026-07-27T10:01:42.633Z"}
{"level":"error","message":"Redis error: getaddrinfo ENOTFOUND redis","timestamp":"2026-07-27T10:01:47.322Z"}
{"level":"warn","message":"Redis connection closed","timestamp":"2026-07-27T10:01:47.322Z"}
{"level":"error","message":"Redis error: getaddrinfo ENOTFOUND redis","timestamp":"2026-07-27T10:01:51.596Z"}
{"level":"warn","message":"Redis connection closed","timestamp":"2026-07-27T10:01:51.597Z"}
{"level":"error","message":"Redis error: getaddrinfo ENOTFOUND redis","timestamp":"2026-07-27T10:01:56.288Z"}
{"level":"warn","message":"Redis connection closed","timestamp":"2026-07-27T10:01:56.288Z"}
{"level":"error","message":"Redis error: getaddrinfo ENOTFOUND redis","timestamp":"2026-07-27T10:02:00.552Z"}
{"level":"warn","message":"Redis connection closed","timestamp":"2026-07-27T10:02:00.553Z"}
{"level":"error","message":"Redis error: getaddrinfo ENOTFOUND redis","timestamp":"2026-07-27T10:02:04.824Z"}
{"level":"warn","message":"Redis connection closed","timestamp":"2026-07-27T10:02:04.824Z"}
{"level":"error","message":"Redis error: getaddrinfo ENOTFOUND redis","timestamp":"2026-07-27T10:02:09.508Z"}
{"level":"warn","message":"Redis connection closed","timestamp":"2026-07-27T10:02:09.509Z"}
{"level":"error","message":"Redis error: getaddrinfo ENOTFOUND redis","timestamp":"2026-07-27T10:02:13.782Z"}
{"level":"warn","message":"Redis connection closed","timestamp":"2026-07-27T10:02:13.782Z"}
{"level":"error","message":"Redis error: getaddrinfo ENOTFOUND redis","timestamp":"2026-07-27T10:02:18.473Z"}
{"level":"warn","message":"Redis connection closed","timestamp":"2026-07-27T10:02:18.473Z"}
{"level":"error","message":"Redis error: getaddrinfo ENOTFOUND redis","timestamp":"2026-07-27T10:02:22.740Z"}
{"level":"warn","message":"Redis connection closed","timestamp":"2026-07-27T10:02:22.741Z"}
{"level":"error","message":"Redis error: getaddrinfo ENOTFOUND redis","timestamp":"2026-07-27T10:02:27.441Z"}
{"level":"warn","message":"Redis connection closed","timestamp":"2026-07-27T10:02:27.442Z"}
{"level":"error","message":"Redis error: getaddrinfo ENOTFOUND redis","timestamp":"2026-07-27T10:02:31.720Z"}
{"level":"warn","message":"Redis connection closed","timestamp":"2026-07-27T10:02:31.720Z"}
{"level":"error","message":"Redis error: getaddrinfo ENOTFOUND redis","timestamp":"2026-07-27T10:02:36.414Z"}
{"level":"warn","message":"Redis connection closed","timestamp":"2026-07-27T10:02:36.415Z"}
{"level":"error","message":"Redis error: getaddrinfo ENOTFOUND redis","timestamp":"2026-07-27T10:02:40.689Z"}
{"level":"warn","message":"Redis connection closed","timestamp":"2026-07-27T10:02:40.690Z"}
{"level":"error","message":"Redis error: getaddrinfo ENOTFOUND redis","timestamp":"2026-07-27T10:02:45.383Z"}
{"level":"warn","message":"Redis connection closed","timestamp":"2026-07-27T10:02:45.384Z"}
{"level":"error","message":"Redis error: getaddrinfo ENOTFOUND redis","timestamp":"2026-07-27T10:02:49.658Z"}
{"level":"warn","message":"Redis connection closed","timestamp":"2026-07-27T10:02:49.659Z"}
{"level":"error","message":"Redis error: getaddrinfo ENOTFOUND redis","timestamp":"2026-07-27T10:02:54.357Z"}
{"level":"warn","message":"Redis connection closed","timestamp":"2026-07-27T10:02:54.358Z"}
{"level":"error","message":"Redis error: getaddrinfo ENOTFOUND redis","timestamp":"2026-07-27T10:02:58.634Z"}
{"level":"warn","message":"Redis connection closed","timestamp":"2026-07-27T10:02:58.634Z"}
{"level":"error","message":"Redis error: getaddrinfo ENOTFOUND redis","timestamp":"2026-07-27T10:03:03.328Z"}
{"level":"warn","message":"Redis connection closed","timestamp":"2026-07-27T10:03:03.329Z"}
{"level":"error","message":"Redis error: getaddrinfo ENOTFOUND redis","timestamp":"2026-07-27T10:03:07.597Z"}
{"level":"warn","message":"Redis connection closed","timestamp":"2026-07-27T10:03:07.597Z"}
{"level":"error","message":"Redis error: getaddrinfo ENOTFOUND redis","timestamp":"2026-07-27T10:03:12.291Z"}
{"level":"warn","message":"Redis connection closed","timestamp":"2026-07-27T10:03:12.291Z"}
{"level":"error","message":"Redis error: getaddrinfo ENOTFOUND redis","timestamp":"2026-07-27T10:03:16.568Z"}
{"level":"warn","message":"Redis connection closed","timestamp":"2026-07-27T10:03:16.569Z"}
{"level":"error","message":"Redis error: getaddrinfo ENOTFOUND redis","timestamp":"2026-07-27T10:03:21.262Z"}
{"level":"warn","message":"Redis connection closed","timestamp":"2026-07-27T10:03:21.262Z"}
{"level":"error","message":"Redis error: getaddrinfo ENOTFOUND redis","timestamp":"2026-07-27T10:03:25.535Z"}
{"level":"warn","message":"Redis connection closed","timestamp":"2026-07-27T10:03:25.536Z"}
{"level":"error","message":"Redis error: getaddrinfo ENOTFOUND redis","timestamp":"2026-07-27T10:03:29.813Z"}
{"level":"warn","message":"Redis connection closed","timestamp":"2026-07-27T10:03:29.813Z"}
{"level":"error","message":"Redis error: getaddrinfo ENOTFOUND redis","timestamp":"2026-07-27T10:03:34.505Z"}
{"level":"warn","message":"Redis connection closed","timestamp":"2026-07-27T10:03:34.506Z"}
{"level":"error","message":"Redis error: getaddrinfo ENOTFOUND redis","timestamp":"2026-07-27T10:03:38.786Z"}
{"level":"warn","message":"Redis connection closed","timestamp":"2026-07-27T10:03:38.786Z"}
{"level":"error","message":"Redis error: getaddrinfo ENOTFOUND redis","timestamp":"2026-07-27T10:03:43.475Z"}
{"level":"warn","message":"Redis connection closed","timestamp":"2026-07-27T10:03:43.476Z"}
{"level":"error","message":"Redis error: getaddrinfo ENOTFOUND redis","timestamp":"2026-07-27T10:03:47.756Z"}
{"level":"warn","message":"Redis connection closed","timestamp":"2026-07-27T10:03:47.756Z"}
{"level":"error","message":"Redis error: getaddrinfo ENOTFOUND redis","timestamp":"2026-07-27T10:03:52.445Z"}
{"level":"warn","message":"Redis connection closed","timestamp":"2026-07-27T10:03:52.446Z"}
{"level":"error","message":"Redis error: getaddrinfo ENOTFOUND redis","timestamp":"2026-07-27T10:03:56.718Z"}
{"level":"warn","message":"Redis connection closed","timestamp":"2026-07-27T10:03:56.718Z"}
{"level":"error","message":"Redis error: getaddrinfo ENOTFOUND redis","timestamp":"2026-07-27T10:04:01.416Z"}
{"level":"warn","message":"Redis connection closed","timestamp":"2026-07-27T10:04:01.417Z"}
{"level":"error","message":"Redis error: getaddrinfo ENOTFOUND redis","timestamp":"2026-07-27T10:04:05.701Z"}
{"level":"warn","message":"Redis connection closed","timestamp":"2026-07-27T10:04:05.701Z"}
{"level":"error","message":"Redis error: getaddrinfo ENOTFOUND redis","timestamp":"2026-07-27T10:04:10.394Z"}
{"level":"warn","message":"Redis connection closed","timestamp":"2026-07-27T10:04:10.395Z"}
{"level":"error","message":"Redis error: getaddrinfo ENOTFOUND redis","timestamp":"2026-07-27T10:04:14.657Z"}
{"level":"warn","message":"Redis connection closed","timestamp":"2026-07-27T10:04:14.658Z"}
{"level":"error","message":"Redis error: getaddrinfo ENOTFOUND redis","timestamp":"2026-07-27T10:04:19.350Z"}
{"level":"warn","message":"Redis connection closed","timestamp":"2026-07-27T10:04:19.351Z"}
{"level":"error","message":"Redis error: getaddrinfo ENOTFOUND redis","timestamp":"2026-07-27T10:04:23.635Z"}
{"level":"warn","message":"Redis connection closed","timestamp":"2026-07-27T10:04:23.635Z"}
{"level":"error","message":"Redis error: getaddrinfo ENOTFOUND redis","timestamp":"2026-07-27T10:04:28.329Z"}
{"level":"warn","message":"Redis connection closed","timestamp":"2026-07-27T10:04:28.330Z"}
{"level":"error","message":"Redis error: getaddrinfo ENOTFOUND redis","timestamp":"2026-07-27T10:04:32.605Z"}
{"level":"warn","message":"Redis connection closed","timestamp":"2026-07-27T10:04:32.605Z"}
{"level":"error","message":"Redis error: getaddrinfo ENOTFOUND redis","timestamp":"2026-07-27T10:04:37.299Z"}
{"level":"warn","message":"Redis connection closed","timestamp":"2026-07-27T10:04:37.300Z"}
{"level":"error","message":"Redis error: getaddrinfo ENOTFOUND redis","timestamp":"2026-07-27T10:04:41.581Z"}
{"level":"warn","message":"Redis connection closed","timestamp":"2026-07-27T10:04:41.581Z"}
{"level":"error","message":"Redis error: getaddrinfo ENOTFOUND redis","timestamp":"2026-07-27T10:04:46.279Z"}
{"level":"warn","message":"Redis connection closed","timestamp":"2026-07-27T10:04:46.280Z"}
{"level":"error","message":"Redis error: getaddrinfo ENOTFOUND redis","timestamp":"2026-07-27T10:04:50.560Z"}
{"level":"warn","message":"Redis connection closed","timestamp":"2026-07-27T10:04:50.560Z"}
{"level":"error","message":"Redis error: getaddrinfo ENOTFOUND redis","timestamp":"2026-07-27T10:04:54.832Z"}
{"level":"warn","message":"Redis connection closed","timestamp":"2026-07-27T10:04:54.832Z"}
{"level":"error","message":"Redis error: getaddrinfo ENOTFOUND redis","timestamp":"2026-07-27T10:04:59.532Z"}
{"level":"warn","message":"Redis connection closed","timestamp":"2026-07-27T10:04:59.533Z"}
{"level":"error","message":"Redis error: getaddrinfo ENOTFOUND redis","timestamp":"2026-07-27T10:05:03.808Z"}
{"level":"warn","message":"Redis connection closed","timestamp":"2026-07-27T10:05:03.809Z"}
{"level":"error","message":"Redis error: getaddrinfo ENOTFOUND redis","timestamp":"2026-07-27T10:05:08.496Z"}
{"level":"warn","message":"Redis connection closed","timestamp":"2026-07-27T10:05:08.497Z"}
{"level":"error","message":"Redis error: getaddrinfo ENOTFOUND redis","timestamp":"2026-07-27T10:05:12.783Z"}
{"level":"warn","message":"Redis connection closed","timestamp":"2026-07-27T10:05:12.784Z"}
{"level":"error","message":"Redis error: getaddrinfo ENOTFOUND redis","timestamp":"2026-07-27T10:05:17.480Z"}
{"level":"warn","message":"Redis connection closed","timestamp":"2026-07-27T10:05:17.480Z"}
{"level":"error","message":"Redis error: getaddrinfo ENOTFOUND redis","timestamp":"2026-07-27T10:05:21.762Z"}
{"level":"warn","message":"Redis connection closed","timestamp":"2026-07-27T10:05:21.762Z"}
{"level":"error","message":"Redis error: getaddrinfo ENOTFOUND redis","timestamp":"2026-07-27T10:05:26.457Z"}
{"level":"warn","message":"Redis connection closed","timestamp":"2026-07-27T10:05:26.458Z"}
{"level":"error","message":"Redis error: getaddrinfo ENOTFOUND redis","timestamp":"2026-07-27T10:05:30.737Z"}
{"level":"warn","message":"Redis connection closed","timestamp":"2026-07-27T10:05:30.738Z"}
{"level":"error","message":"Redis error: getaddrinfo ENOTFOUND redis","timestamp":"2026-07-27T10:05:35.429Z"}
{"level":"warn","message":"Redis connection closed","timestamp":"2026-07-27T10:05:35.429Z"}
{"level":"error","message":"Redis error: getaddrinfo ENOTFOUND redis","timestamp":"2026-07-27T10:05:39.711Z"}
{"level":"warn","message":"Redis connection closed","timestamp":"2026-07-27T10:05:39.712Z"}
{"level":"error","message":"Redis error: getaddrinfo ENOTFOUND redis","timestamp":"2026-07-27T10:05:44.404Z"}
{"level":"warn","message":"Redis connection closed","timestamp":"2026-07-27T10:05:44.404Z"}
{"level":"error","message":"Redis error: getaddrinfo ENOTFOUND redis","timestamp":"2026-07-27T10:05:48.675Z"}
{"level":"warn","message":"Redis connection closed","timestamp":"2026-07-27T10:05:48.676Z"}
{"level":"error","message":"Redis error: getaddrinfo ENOTFOUND redis","timestamp":"2026-07-27T10:05:53.370Z"}
{"level":"warn","message":"Redis connection closed","timestamp":"2026-07-27T10:05:53.370Z"}
{"level":"error","message":"Redis error: getaddrinfo ENOTFOUND redis","timestamp":"2026-07-27T10:05:57.651Z"}
{"level":"warn","message":"Redis connection closed","timestamp":"2026-07-27T10:05:57.652Z"}
{"level":"error","message":"Redis error: getaddrinfo ENOTFOUND redis","timestamp":"2026-07-27T10:06:02.351Z"}
{"level":"warn","message":"Redis connection closed","timestamp":"2026-07-27T10:06:02.352Z"}
{"level":"error","message":"Redis error: getaddrinfo ENOTFOUND redis","timestamp":"2026-07-27T10:06:06.636Z"}
{"level":"warn","message":"Redis connection closed","timestamp":"2026-07-27T10:06:06.637Z"}
{"level":"error","message":"Redis error: getaddrinfo ENOTFOUND redis","timestamp":"2026-07-27T10:06:11.323Z"}
{"level":"warn","message":"Redis connection closed","timestamp":"2026-07-27T10:06:11.324Z"}
{"level":"error","message":"Redis error: getaddrinfo ENOTFOUND redis","timestamp":"2026-07-27T10:08:34.927Z"}
{"level":"warn","message":"Redis connection closed","timestamp":"2026-07-27T10:08:34.928Z"}
{"level":"error","message":"Redis error: getaddrinfo ENOTFOUND redis","timestamp":"2026-07-27T10:08:39.200Z"}
{"level":"warn","message":"Redis connection closed","timestamp":"2026-07-27T10:08:39.201Z"}
{"level":"error","message":"Redis error: getaddrinfo ENOTFOUND redis","timestamp":"2026-07-27T10:08:43.472Z"}
{"level":"warn","message":"Redis connection closed","timestamp":"2026-07-27T10:08:43.473Z"}
{"level":"error","message":"Redis error: getaddrinfo ENOTFOUND redis","timestamp":"2026-07-27T10:08:47.759Z"}
{"level":"warn","message":"Redis connection closed","timestamp":"2026-07-27T10:08:47.760Z"}
{"level":"error","message":"Redis error: getaddrinfo ENOTFOUND redis","timestamp":"2026-07-27T10:08:52.440Z"}
{"level":"warn","message":"Redis connection closed","timestamp":"2026-07-27T10:08:52.441Z"}
{"level":"error","message":"Redis error: getaddrinfo ENOTFOUND redis","timestamp":"2026-07-27T10:08:56.725Z"}
{"level":"warn","message":"Redis connection closed","timestamp":"2026-07-27T10:08:56.725Z"}
{"level":"error","message":"Redis error: getaddrinfo ENOTFOUND redis","timestamp":"2026-07-27T10:09:01.407Z"}
{"level":"warn","message":"Redis connection closed","timestamp":"2026-07-27T10:09:01.407Z"}
{"level":"error","message":"Redis error: getaddrinfo ENOTFOUND redis","timestamp":"2026-07-27T10:09:05.683Z"}
{"level":"warn","message":"Redis connection closed","timestamp":"2026-07-27T10:09:05.683Z"}
{"level":"error","message":"Redis error: getaddrinfo ENOTFOUND redis","timestamp":"2026-07-27T10:09:10.387Z"}
{"level":"warn","message":"Redis connection closed","timestamp":"2026-07-27T10:09:10.387Z"}
{"level":"error","message":"Redis error: getaddrinfo ENOTFOUND redis","timestamp":"2026-07-27T10:09:14.673Z"}
{"level":"warn","message":"Redis connection closed","timestamp":"2026-07-27T10:09:14.674Z"}
{"level":"error","message":"Redis error: getaddrinfo ENOTFOUND redis","timestamp":"2026-07-27T10:09:19.379Z"}
{"level":"warn","message":"Redis connection closed","timestamp":"2026-07-27T10:09:19.379Z"}
{"level":"error","message":"Redis error: getaddrinfo ENOTFOUND redis","timestamp":"2026-07-27T10:09:23.658Z"}
{"level":"warn","message":"Redis connection closed","timestamp":"2026-07-27T10:09:23.659Z"}
{"level":"error","message":"Redis error: getaddrinfo ENOTFOUND redis","timestamp":"2026-07-27T10:09:28.350Z"}
{"level":"warn","message":"Redis connection closed","timestamp":"2026-07-27T10:09:28.350Z"}
{"level":"error","message":"Redis error: getaddrinfo ENOTFOUND redis","timestamp":"2026-07-27T10:09:32.623Z"}
{"level":"warn","message":"Redis connection closed","timestamp":"2026-07-27T10:09:32.623Z"}
{"level":"error","message":"Redis error: getaddrinfo ENOTFOUND redis","timestamp":"2026-07-27T10:09:37.324Z"}
{"level":"warn","message":"Redis connection closed","timestamp":"2026-07-27T10:09:37.324Z"}
{"level":"error","message":"Redis error: getaddrinfo ENOTFOUND redis","timestamp":"2026-07-27T10:09:41.609Z"}
{"level":"warn","message":"Redis connection closed","timestamp":"2026-07-27T10:09:41.609Z"}
{"level":"error","message":"Redis error: getaddrinfo ENOTFOUND redis","timestamp":"2026-07-27T10:09:46.307Z"}
{"level":"warn","message":"Redis connection closed","timestamp":"2026-07-27T10:09:46.308Z"}
{"level":"error","message":"Redis error: getaddrinfo ENOTFOUND redis","timestamp":"2026-07-27T10:09:50.589Z"}
{"level":"warn","message":"Redis connection closed","timestamp":"2026-07-27T10:09:50.589Z"}
{"level":"error","message":"Redis error: getaddrinfo ENOTFOUND redis","timestamp":"2026-07-27T10:09:55.305Z"}
{"level":"warn","message":"Redis connection closed","timestamp":"2026-07-27T10:09:55.305Z"}
{"level":"error","message":"Redis error: getaddrinfo ENOTFOUND redis","timestamp":"2026-07-27T10:09:59.570Z"}
{"level":"warn","message":"Redis connection closed","timestamp":"2026-07-27T10:09:59.571Z"}
{"level":"error","message":"Uncaught Exception: Error: listen EADDRINUSE: address already in use 0.0.0.0:5000\n    at Server.setupListenHandle [as _listen2] (node:net:1907:16)\n    at listenInCluster (node:net:1964:12)\n    at node:net:2170:7\n    at process.processTicksAndRejections (node:internal/process/task_queues:90:21)","timestamp":"2026-07-27T10:10:03.035Z"}
{"level":"info","message":"Received uncaughtException. Shutting down gracefully...","timestamp":"2026-07-27T10:10:03.042Z"}
{"level":"error","message":"Uncaught Exception: Error: listen EADDRINUSE: address already in use 0.0.0.0:5000\n    at Server.setupListenHandle [as _listen2] (node:net:1907:16)\n    at listenInCluster (node:net:1964:12)\n    at node:net:2170:7\n    at process.processTicksAndRejections (node:internal/process/task_queues:90:21)","timestamp":"2026-07-27T10:10:03.042Z"}
{"level":"info","message":"Received uncaughtException. Shutting down gracefully...","timestamp":"2026-07-27T10:10:03.049Z"}
{"level":"error","message":"Uncaught Exception: Error: listen EADDRINUSE: address already in use 0.0.0.0:5000\n    at Server.setupListenHandle [as _listen2] (node:net:1907:16)\n    at listenInCluster (node:net:1964:12)\n    at node:net:2170:7\n    at process.processTicksAndRejections (node:internal/process/task_queues:90:21)","timestamp":"2026-07-27T10:10:03.062Z"}
{"level":"info","message":"Received uncaughtException. Shutting down gracefully...","timestamp":"2026-07-27T10:10:03.067Z"}
{"level":"error","message":"Uncaught Exception: Error: listen EADDRINUSE: address already in use 0.0.0.0:5000\n    at Server.setupListenHandle [as _listen2] (node:net:1907:16)\n    at listenInCluster (node:net:1964:12)\n    at node:net:2170:7\n    at process.processTicksAndRejections (node:internal/process/task_queues:90:21)","timestamp":"2026-07-27T10:10:03.068Z"}
{"level":"info","message":"Received uncaughtException. Shutting down gracefully...","timestamp":"2026-07-27T10:10:03.075Z"}
{"level":"error","message":"Uncaught Exception: Error: listen EADDRINUSE: address already in use 0.0.0.0:5000\n    at Server.setupListenHandle [as _listen2] (node:net:1907:16)\n    at listenInCluster (node:net:1964:12)\n    at node:net:2170:7\n    at process.processTicksAndRejections (node:internal/process/task_queues:90:21)","timestamp":"2026-07-27T10:10:03.088Z"}
{"level":"info","message":"Received uncaughtException. Shutting down gracefully...","timestamp":"2026-07-27T10:10:03.093Z"}
{"level":"error","message":"Uncaught Exception: Error: listen EADDRINUSE: address already in use 0.0.0.0:5000\n    at Server.setupListenHandle [as _listen2] (node:net:1907:16)\n    at listenInCluster (node:net:1964:12)\n    at node:net:2170:7\n    at process.processTicksAndRejections (node:internal/process/task_queues:90:21)","timestamp":"2026-07-27T10:10:03.097Z"}
{"level":"info","message":"Received uncaughtException. Shutting down gracefully...","timestamp":"2026-07-27T10:10:03.102Z"}
{"level":"error","message":"Uncaught Exception: Error: listen EADDRINUSE: address already in use 0.0.0.0:5000\n    at Server.setupListenHandle [as _listen2] (node:net:1907:16)\n    at listenInCluster (node:net:1964:12)\n    at node:net:2170:7\n    at process.processTicksAndRejections (node:internal/process/task_queues:90:21)","timestamp":"2026-07-27T10:10:03.135Z"}
{"level":"error","message":"Uncaught Exception: Error: listen EADDRINUSE: address already in use 0.0.0.0:5000\n    at Server.setupListenHandle [as _listen2] (node:net:1907:16)\n    at listenInCluster (node:net:1964:12)\n    at node:net:2170:7\n    at process.processTicksAndRejections (node:internal/process/task_queues:90:21)","timestamp":"2026-07-27T10:10:03.137Z"}
{"level":"info","message":"Received uncaughtException. Shutting down gracefully...","timestamp":"2026-07-27T10:10:03.139Z"}
{"level":"info","message":"Received uncaughtException. Shutting down gracefully...","timestamp":"2026-07-27T10:10:03.141Z"}
{"level":"error","message":"Uncaught Exception: Error: listen EADDRINUSE: address already in use 0.0.0.0:5000\n    at Server.setupListenHandle [as _listen2] (node:net:1907:16)\n    at listenInCluster (node:net:1964:12)\n    at node:net:2170:7\n    at process.processTicksAndRejections (node:internal/process/task_queues:90:21)","timestamp":"2026-07-27T10:10:03.143Z"}
{"level":"info","message":"Received uncaughtException. Shutting down gracefully...","timestamp":"2026-07-27T10:10:03.148Z"}
{"level":"error","message":"Redis error: getaddrinfo ENOTFOUND redis","timestamp":"2026-07-27T10:10:03.845Z"}
{"level":"warn","message":"Redis connection closed","timestamp":"2026-07-27T10:10:03.845Z"}
{"level":"error","message":"Redis error: getaddrinfo ENOTFOUND redis","timestamp":"2026-07-27T10:10:08.547Z"}
{"level":"warn","message":"Redis connection closed","timestamp":"2026-07-27T10:10:08.548Z"}
{"level":"error","message":"Redis error: getaddrinfo ENOTFOUND redis","timestamp":"2026-07-27T10:10:12.836Z"}
{"level":"warn","message":"Redis connection closed","timestamp":"2026-07-27T10:10:12.837Z"}
{"level":"error","message":"Redis error: getaddrinfo ENOTFOUND redis","timestamp":"2026-07-27T10:10:17.537Z"}
{"level":"warn","message":"Redis connection closed","timestamp":"2026-07-27T10:10:17.537Z"}
{"level":"error","message":"Redis error: getaddrinfo ENOTFOUND redis","timestamp":"2026-07-27T10:10:21.820Z"}
{"level":"warn","message":"Redis connection closed","timestamp":"2026-07-27T10:10:21.821Z"}
{"level":"error","message":"Redis error: getaddrinfo ENOTFOUND redis","timestamp":"2026-07-27T10:10:26.516Z"}
{"level":"warn","message":"Redis connection closed","timestamp":"2026-07-27T10:10:26.516Z"}
{"level":"error","message":"Redis error: getaddrinfo ENOTFOUND redis","timestamp":"2026-07-27T10:10:30.800Z"}
{"level":"warn","message":"Redis connection closed","timestamp":"2026-07-27T10:10:30.800Z"}
{"level":"error","message":"Redis error: getaddrinfo ENOTFOUND redis","timestamp":"2026-07-27T10:10:35.495Z"}
{"level":"warn","message":"Redis connection closed","timestamp":"2026-07-27T10:10:35.495Z"}
{"level":"error","message":"Redis error: getaddrinfo ENOTFOUND redis","timestamp":"2026-07-27T10:10:39.784Z"}
{"level":"warn","message":"Redis connection closed","timestamp":"2026-07-27T10:10:39.784Z"}
{"level":"error","message":"Redis error: getaddrinfo ENOTFOUND redis","timestamp":"2026-07-27T10:10:44.488Z"}
{"level":"warn","message":"Redis connection closed","timestamp":"2026-07-27T10:10:44.489Z"}
{"level":"error","message":"Redis error: getaddrinfo ENOTFOUND redis","timestamp":"2026-07-27T10:10:48.769Z"}
{"level":"warn","message":"Redis connection closed","timestamp":"2026-07-27T10:10:48.770Z"}
{"level":"error","message":"Redis error: getaddrinfo ENOTFOUND redis","timestamp":"2026-07-27T10:10:53.454Z"}
{"level":"warn","message":"Redis connection closed","timestamp":"2026-07-27T10:10:53.455Z"}
{"level":"error","message":"Redis error: getaddrinfo ENOTFOUND redis","timestamp":"2026-07-27T10:10:57.737Z"}
{"level":"warn","message":"Redis connection closed","timestamp":"2026-07-27T10:10:57.738Z"}
{"level":"error","message":"Redis error: getaddrinfo ENOTFOUND redis","timestamp":"2026-07-27T10:11:02.440Z"}
{"level":"warn","message":"Redis connection closed","timestamp":"2026-07-27T10:11:02.441Z"}
{"level":"error","message":"Redis error: getaddrinfo ENOTFOUND redis","timestamp":"2026-07-27T10:11:06.720Z"}
{"level":"warn","message":"Redis connection closed","timestamp":"2026-07-27T10:11:06.721Z"}
{"level":"error","message":"Redis error: getaddrinfo ENOTFOUND redis","timestamp":"2026-07-27T10:11:11.402Z"}
{"level":"warn","message":"Redis connection closed","timestamp":"2026-07-27T10:11:11.403Z"}
{"level":"error","message":"Redis error: getaddrinfo ENOTFOUND redis","timestamp":"2026-07-27T10:11:15.670Z"}
{"level":"warn","message":"Redis connection closed","timestamp":"2026-07-27T10:11:15.671Z"}
{"level":"error","message":"Redis error: getaddrinfo ENOTFOUND redis","timestamp":"2026-07-27T10:11:20.370Z"}
{"level":"warn","message":"Redis connection closed","timestamp":"2026-07-27T10:11:20.370Z"}
{"level":"error","message":"Redis error: getaddrinfo ENOTFOUND redis","timestamp":"2026-07-27T10:11:24.649Z"}
{"level":"warn","message":"Redis connection closed","timestamp":"2026-07-27T10:11:24.649Z"}
{"level":"error","message":"Redis error: getaddrinfo ENOTFOUND redis","timestamp":"2026-07-27T10:11:29.337Z"}
{"level":"warn","message":"Redis connection closed","timestamp":"2026-07-27T10:11:29.338Z"}
{"level":"error","message":"Redis error: getaddrinfo ENOTFOUND redis","timestamp":"2026-07-27T10:11:33.634Z"}
{"level":"warn","message":"Redis connection closed","timestamp":"2026-07-27T10:11:33.635Z"}
{"level":"error","message":"Redis error: getaddrinfo ENOTFOUND redis","timestamp":"2026-07-27T10:11:38.332Z"}
{"level":"warn","message":"Redis connection closed","timestamp":"2026-07-27T10:11:38.332Z"}
{"level":"error","message":"Redis error: getaddrinfo ENOTFOUND redis","timestamp":"2026-07-27T10:11:42.603Z"}
{"level":"warn","message":"Redis connection closed","timestamp":"2026-07-27T10:11:42.604Z"}
{"level":"error","message":"Redis error: getaddrinfo ENOTFOUND redis","timestamp":"2026-07-27T10:11:47.281Z"}
{"level":"warn","message":"Redis connection closed","timestamp":"2026-07-27T10:11:47.281Z"}
{"level":"error","message":"Redis error: getaddrinfo ENOTFOUND redis","timestamp":"2026-07-27T10:11:51.553Z"}
{"level":"warn","message":"Redis connection closed","timestamp":"2026-07-27T10:11:51.553Z"}
{"level":"error","message":"Redis error: getaddrinfo ENOTFOUND redis","timestamp":"2026-07-27T10:11:55.835Z"}
{"level":"warn","message":"Redis connection closed","timestamp":"2026-07-27T10:11:55.836Z"}
{"level":"error","message":"Redis error: getaddrinfo ENOTFOUND redis","timestamp":"2026-07-27T10:12:00.535Z"}
{"level":"warn","message":"Redis connection closed","timestamp":"2026-07-27T10:12:00.536Z"}
{"level":"error","message":"Redis error: getaddrinfo ENOTFOUND redis","timestamp":"2026-07-27T10:12:04.817Z"}
{"level":"warn","message":"Redis connection closed","timestamp":"2026-07-27T10:12:04.818Z"}
{"level":"error","message":"Redis error: getaddrinfo ENOTFOUND redis","timestamp":"2026-07-27T10:12:09.516Z"}
{"level":"warn","message":"Redis connection closed","timestamp":"2026-07-27T10:12:09.517Z"}
{"level":"error","message":"Redis error: getaddrinfo ENOTFOUND redis","timestamp":"2026-07-27T10:12:13.785Z"}
{"level":"warn","message":"Redis connection closed","timestamp":"2026-07-27T10:12:13.786Z"}
{"level":"error","message":"Redis error: getaddrinfo ENOTFOUND redis","timestamp":"2026-07-27T10:12:18.468Z"}
{"level":"warn","message":"Redis connection closed","timestamp":"2026-07-27T10:12:18.469Z"}
{"level":"error","message":"Redis error: getaddrinfo ENOTFOUND redis","timestamp":"2026-07-27T10:12:22.735Z"}
{"level":"warn","message":"Redis connection closed","timestamp":"2026-07-27T10:12:22.735Z"}
{"level":"error","message":"Redis error: getaddrinfo ENOTFOUND redis","timestamp":"2026-07-27T10:12:27.435Z"}
{"level":"warn","message":"Redis connection closed","timestamp":"2026-07-27T10:12:27.435Z"}
{"level":"error","message":"Redis error: getaddrinfo ENOTFOUND redis","timestamp":"2026-07-27T10:12:31.716Z"}
{"level":"warn","message":"Redis connection closed","timestamp":"2026-07-27T10:12:31.716Z"}
{"level":"error","message":"Redis error: getaddrinfo ENOTFOUND redis","timestamp":"2026-07-27T10:12:36.401Z"}
{"level":"warn","message":"Redis connection closed","timestamp":"2026-07-27T10:12:36.402Z"}
{"level":"error","message":"Redis error: getaddrinfo ENOTFOUND redis","timestamp":"2026-07-27T10:12:40.685Z"}
{"level":"warn","message":"Redis connection closed","timestamp":"2026-07-27T10:12:40.685Z"}
{"level":"error","message":"Redis error: getaddrinfo ENOTFOUND redis","timestamp":"2026-07-27T10:12:45.381Z"}
{"level":"warn","message":"Redis connection closed","timestamp":"2026-07-27T10:12:45.381Z"}
{"level":"error","message":"Redis error: getaddrinfo ENOTFOUND redis","timestamp":"2026-07-27T10:12:49.663Z"}
{"level":"warn","message":"Redis connection closed","timestamp":"2026-07-27T10:12:49.664Z"}
{"level":"error","message":"Redis error: getaddrinfo ENOTFOUND redis","timestamp":"2026-07-27T10:12:54.355Z"}
{"level":"warn","message":"Redis connection closed","timestamp":"2026-07-27T10:12:54.355Z"}
{"level":"error","message":"Redis error: getaddrinfo ENOTFOUND redis","timestamp":"2026-07-27T10:12:58.631Z"}
{"level":"warn","message":"Redis connection closed","timestamp":"2026-07-27T10:12:58.632Z"}
{"level":"error","message":"Redis error: getaddrinfo ENOTFOUND redis","timestamp":"2026-07-27T10:13:03.317Z"}
{"level":"warn","message":"Redis connection closed","timestamp":"2026-07-27T10:13:03.317Z"}
{"level":"error","message":"Redis error: getaddrinfo ENOTFOUND redis","timestamp":"2026-07-27T10:13:07.599Z"}
{"level":"warn","message":"Redis connection closed","timestamp":"2026-07-27T10:13:07.599Z"}
{"level":"error","message":"Redis error: getaddrinfo ENOTFOUND redis","timestamp":"2026-07-27T10:13:12.281Z"}
{"level":"warn","message":"Redis connection closed","timestamp":"2026-07-27T10:13:12.282Z"}
{"level":"error","message":"Redis error: getaddrinfo ENOTFOUND redis","timestamp":"2026-07-27T10:13:16.564Z"}
{"level":"warn","message":"Redis connection closed","timestamp":"2026-07-27T10:13:16.565Z"}
{"level":"error","message":"Redis error: getaddrinfo ENOTFOUND redis","timestamp":"2026-07-27T10:13:20.832Z"}
{"level":"warn","message":"Redis connection closed","timestamp":"2026-07-27T10:13:20.833Z"}
{"level":"error","message":"Redis error: getaddrinfo ENOTFOUND redis","timestamp":"2026-07-27T10:13:25.530Z"}
{"level":"warn","message":"Redis connection closed","timestamp":"2026-07-27T10:13:25.530Z"}
{"level":"error","message":"Redis error: getaddrinfo ENOTFOUND redis","timestamp":"2026-07-27T10:13:29.799Z"}
{"level":"warn","message":"Redis connection closed","timestamp":"2026-07-27T10:13:29.799Z"}
{"level":"error","message":"Redis error: getaddrinfo ENOTFOUND redis","timestamp":"2026-07-27T10:13:34.498Z"}
{"level":"warn","message":"Redis connection closed","timestamp":"2026-07-27T10:13:34.498Z"}
{"level":"error","message":"Redis error: getaddrinfo ENOTFOUND redis","timestamp":"2026-07-27T10:13:38.781Z"}
{"level":"warn","message":"Redis connection closed","timestamp":"2026-07-27T10:13:38.782Z"}
{"level":"error","message":"Redis error: getaddrinfo ENOTFOUND redis","timestamp":"2026-07-27T10:13:43.481Z"}
{"level":"warn","message":"Redis connection closed","timestamp":"2026-07-27T10:13:43.481Z"}
{"level":"error","message":"Redis error: getaddrinfo ENOTFOUND redis","timestamp":"2026-07-27T10:13:47.778Z"}
{"level":"warn","message":"Redis connection closed","timestamp":"2026-07-27T10:13:47.779Z"}
{"level":"error","message":"Redis error: getaddrinfo ENOTFOUND redis","timestamp":"2026-07-27T10:13:52.471Z"}
{"level":"warn","message":"Redis connection closed","timestamp":"2026-07-27T10:13:52.472Z"}
{"level":"error","message":"Redis error: getaddrinfo ENOTFOUND redis","timestamp":"2026-07-27T10:13:56.757Z"}
{"level":"warn","message":"Redis connection closed","timestamp":"2026-07-27T10:13:56.758Z"}
{"level":"error","message":"Redis error: getaddrinfo ENOTFOUND redis","timestamp":"2026-07-27T10:14:01.444Z"}
{"level":"warn","message":"Redis connection closed","timestamp":"2026-07-27T10:14:01.445Z"}
{"level":"error","message":"Redis error: getaddrinfo ENOTFOUND redis","timestamp":"2026-07-27T10:14:05.705Z"}
{"level":"warn","message":"Redis connection closed","timestamp":"2026-07-27T10:14:05.705Z"}
{"level":"error","message":"Uncaught Exception: Error: listen EADDRINUSE: address already in use 0.0.0.0:5000\n    at Server.setupListenHandle [as _listen2] (node:net:1907:16)\n    at listenInCluster (node:net:1964:12)\n    at node:net:2170:7\n    at process.processTicksAndRejections (node:internal/process/task_queues:90:21)","timestamp":"2026-07-27T10:14:05.901Z"}
{"level":"info","message":"Received uncaughtException. Shutting down gracefully...","timestamp":"2026-07-27T10:14:05.904Z"}
{"level":"error","message":"Redis error: getaddrinfo ENOTFOUND redis","timestamp":"2026-07-27T10:14:10.411Z"}
{"level":"warn","message":"Redis connection closed","timestamp":"2026-07-27T10:14:10.412Z"}
{"level":"error","message":"Redis error: getaddrinfo ENOTFOUND redis","timestamp":"2026-07-27T10:14:14.702Z"}
{"level":"warn","message":"Redis connection closed","timestamp":"2026-07-27T10:14:14.703Z"}
{"level":"error","message":"Redis error: getaddrinfo ENOTFOUND redis","timestamp":"2026-07-27T10:14:19.396Z"}
{"level":"warn","message":"Redis connection closed","timestamp":"2026-07-27T10:14:19.396Z"}
{"level":"error","message":"Redis error: getaddrinfo ENOTFOUND redis","timestamp":"2026-07-27T10:14:23.680Z"}
{"level":"warn","message":"Redis connection closed","timestamp":"2026-07-27T10:14:23.680Z"}
{"level":"error","message":"Redis error: getaddrinfo ENOTFOUND redis","timestamp":"2026-07-27T10:14:28.377Z"}
{"level":"warn","message":"Redis connection closed","timestamp":"2026-07-27T10:14:28.378Z"}
{"level":"error","message":"Redis error: getaddrinfo ENOTFOUND redis","timestamp":"2026-07-27T10:14:32.646Z"}
{"level":"warn","message":"Redis connection closed","timestamp":"2026-07-27T10:14:32.647Z"}
{"level":"error","message":"Redis error: getaddrinfo ENOTFOUND redis","timestamp":"2026-07-27T10:14:37.347Z"}
{"level":"warn","message":"Redis connection closed","timestamp":"2026-07-27T10:14:37.347Z"}
{"level":"error","message":"Redis error: getaddrinfo ENOTFOUND redis","timestamp":"2026-07-27T10:14:41.628Z"}
{"level":"warn","message":"Redis connection closed","timestamp":"2026-07-27T10:14:41.629Z"}
{"level":"error","message":"Redis error: getaddrinfo ENOTFOUND redis","timestamp":"2026-07-27T10:14:46.342Z"}
{"level":"warn","message":"Redis connection closed","timestamp":"2026-07-27T10:14:46.343Z"}
{"level":"error","message":"Redis error: getaddrinfo ENOTFOUND redis","timestamp":"2026-07-27T10:14:50.620Z"}
{"level":"warn","message":"Redis connection closed","timestamp":"2026-07-27T10:14:50.620Z"}
{"level":"error","message":"Redis error: getaddrinfo ENOTFOUND redis","timestamp":"2026-07-27T10:14:55.309Z"}
{"level":"warn","message":"Redis connection closed","timestamp":"2026-07-27T10:14:55.310Z"}
{"level":"error","message":"Redis error: getaddrinfo ENOTFOUND redis","timestamp":"2026-07-27T10:14:59.595Z"}
{"level":"warn","message":"Redis connection closed","timestamp":"2026-07-27T10:14:59.596Z"}
{"level":"error","message":"Redis error: getaddrinfo ENOTFOUND redis","timestamp":"2026-07-27T10:15:04.295Z"}
{"level":"warn","message":"Redis connection closed","timestamp":"2026-07-27T10:15:04.295Z"}
{"level":"error","message":"Redis error: getaddrinfo ENOTFOUND redis","timestamp":"2026-07-27T10:15:08.578Z"}
{"level":"warn","message":"Redis connection closed","timestamp":"2026-07-27T10:15:08.578Z"}
{"level":"error","message":"Redis error: getaddrinfo ENOTFOUND redis","timestamp":"2026-07-27T10:15:13.249Z"}
{"level":"warn","message":"Redis connection closed","timestamp":"2026-07-27T10:15:13.249Z"}
{"level":"error","message":"Redis error: getaddrinfo ENOTFOUND redis","timestamp":"2026-07-27T10:15:17.517Z"}
{"level":"warn","message":"Redis connection closed","timestamp":"2026-07-27T10:15:17.517Z"}
{"level":"error","message":"Redis error: getaddrinfo ENOTFOUND redis","timestamp":"2026-07-27T10:15:21.799Z"}
{"level":"warn","message":"Redis connection closed","timestamp":"2026-07-27T10:15:21.800Z"}
{"level":"error","message":"Redis error: getaddrinfo ENOTFOUND redis","timestamp":"2026-07-27T10:15:26.493Z"}
{"level":"warn","message":"Redis connection closed","timestamp":"2026-07-27T10:15:26.494Z"}
{"level":"error","message":"Redis error: getaddrinfo ENOTFOUND redis","timestamp":"2026-07-27T10:15:30.778Z"}
{"level":"warn","message":"Redis connection closed","timestamp":"2026-07-27T10:15:30.778Z"}
{"level":"error","message":"Redis error: getaddrinfo ENOTFOUND redis","timestamp":"2026-07-27T10:15:35.459Z"}
{"level":"warn","message":"Redis connection closed","timestamp":"2026-07-27T10:15:35.460Z"}
{"level":"error","message":"Redis error: getaddrinfo ENOTFOUND redis","timestamp":"2026-07-27T10:15:39.757Z"}
{"level":"warn","message":"Redis connection closed","timestamp":"2026-07-27T10:15:39.757Z"}
{"level":"error","message":"Redis error: getaddrinfo ENOTFOUND redis","timestamp":"2026-07-27T10:15:44.447Z"}
{"level":"warn","message":"Redis connection closed","timestamp":"2026-07-27T10:15:44.448Z"}
{"level":"error","message":"Redis error: getaddrinfo ENOTFOUND redis","timestamp":"2026-07-27T10:15:48.735Z"}
{"level":"warn","message":"Redis connection closed","timestamp":"2026-07-27T10:15:48.735Z"}
{"level":"error","message":"Redis error: getaddrinfo ENOTFOUND redis","timestamp":"2026-07-27T10:15:53.436Z"}
{"level":"warn","message":"Redis connection closed","timestamp":"2026-07-27T10:15:53.437Z"}
{"level":"error","message":"Redis error: getaddrinfo ENOTFOUND redis","timestamp":"2026-07-27T10:15:57.720Z"}
{"level":"warn","message":"Redis connection closed","timestamp":"2026-07-27T10:15:57.720Z"}
{"level":"error","message":"Redis error: getaddrinfo ENOTFOUND redis","timestamp":"2026-07-27T10:16:02.405Z"}
{"level":"warn","message":"Redis connection closed","timestamp":"2026-07-27T10:16:02.405Z"}
{"level":"error","message":"Redis error: getaddrinfo ENOTFOUND redis","timestamp":"2026-07-27T10:16:06.678Z"}
{"level":"warn","message":"Redis connection closed","timestamp":"2026-07-27T10:16:06.678Z"}
{"level":"error","message":"Redis error: getaddrinfo ENOTFOUND redis","timestamp":"2026-07-27T10:16:11.343Z"}
{"level":"warn","message":"Redis connection closed","timestamp":"2026-07-27T10:16:11.344Z"}
{"level":"error","message":"Redis error: getaddrinfo ENOTFOUND redis","timestamp":"2026-07-27T10:16:15.631Z"}
{"level":"warn","message":"Redis connection closed","timestamp":"2026-07-27T10:16:15.632Z"}
{"level":"error","message":"Redis error: getaddrinfo ENOTFOUND redis","timestamp":"2026-07-27T10:16:20.325Z"}
{"level":"warn","message":"Redis connection closed","timestamp":"2026-07-27T10:16:20.326Z"}
{"level":"error","message":"Redis error: getaddrinfo ENOTFOUND redis","timestamp":"2026-07-27T10:16:24.610Z"}
{"level":"warn","message":"Redis connection closed","timestamp":"2026-07-27T10:16:24.610Z"}
{"level":"error","message":"Redis error: getaddrinfo ENOTFOUND redis","timestamp":"2026-07-27T10:16:29.320Z"}
{"level":"warn","message":"Redis connection closed","timestamp":"2026-07-27T10:16:29.320Z"}
{"level":"error","message":"Redis error: getaddrinfo ENOTFOUND redis","timestamp":"2026-07-27T10:16:33.607Z"}
{"level":"warn","message":"Redis connection closed","timestamp":"2026-07-27T10:16:33.607Z"}
{"level":"error","message":"Redis error: getaddrinfo ENOTFOUND redis","timestamp":"2026-07-27T10:16:38.308Z"}
{"level":"warn","message":"Redis connection closed","timestamp":"2026-07-27T10:16:38.308Z"}
{"level":"error","message":"Redis error: getaddrinfo ENOTFOUND redis","timestamp":"2026-07-27T10:16:42.575Z"}
{"level":"warn","message":"Redis connection closed","timestamp":"2026-07-27T10:16:42.575Z"}
{"level":"error","message":"Redis error: getaddrinfo ENOTFOUND redis","timestamp":"2026-07-27T10:16:47.286Z"}
{"level":"warn","message":"Redis connection closed","timestamp":"2026-07-27T10:16:47.287Z"}
{"level":"error","message":"Redis error: getaddrinfo ENOTFOUND redis","timestamp":"2026-07-27T10:16:51.568Z"}
{"level":"warn","message":"Redis connection closed","timestamp":"2026-07-27T10:16:51.569Z"}
{"level":"error","message":"Redis error: getaddrinfo ENOTFOUND redis","timestamp":"2026-07-27T10:16:55.836Z"}
{"level":"warn","message":"Redis connection closed","timestamp":"2026-07-27T10:16:55.836Z"}
{"level":"error","message":"Redis error: getaddrinfo ENOTFOUND redis","timestamp":"2026-07-27T10:17:00.538Z"}
{"level":"warn","message":"Redis connection closed","timestamp":"2026-07-27T10:17:00.539Z"}
{"level":"error","message":"Redis error: getaddrinfo ENOTFOUND redis","timestamp":"2026-07-27T10:17:04.823Z"}
{"level":"warn","message":"Redis connection closed","timestamp":"2026-07-27T10:17:04.823Z"}
{"level":"error","message":"Redis error: getaddrinfo ENOTFOUND redis","timestamp":"2026-07-27T10:17:09.522Z"}
{"level":"warn","message":"Redis connection closed","timestamp":"2026-07-27T10:17:09.522Z"}
{"level":"error","message":"Redis error: getaddrinfo ENOTFOUND redis","timestamp":"2026-07-27T10:17:13.806Z"}
{"level":"warn","message":"Redis connection closed","timestamp":"2026-07-27T10:17:13.807Z"}
{"level":"error","message":"Redis error: getaddrinfo ENOTFOUND redis","timestamp":"2026-07-27T10:17:18.488Z"}
{"level":"warn","message":"Redis connection closed","timestamp":"2026-07-27T10:17:18.489Z"}
{"level":"error","message":"Redis error: getaddrinfo ENOTFOUND redis","timestamp":"2026-07-27T10:17:22.773Z"}
{"level":"warn","message":"Redis connection closed","timestamp":"2026-07-27T10:17:22.773Z"}
{"level":"error","message":"Redis error: getaddrinfo ENOTFOUND redis","timestamp":"2026-07-27T10:17:27.473Z"}
{"level":"warn","message":"Redis connection closed","timestamp":"2026-07-27T10:17:27.473Z"}
{"level":"error","message":"Redis error: getaddrinfo ENOTFOUND redis","timestamp":"2026-07-27T10:17:31.743Z"}
{"level":"warn","message":"Redis connection closed","timestamp":"2026-07-27T10:17:31.743Z"}
{"level":"error","message":"Redis error: getaddrinfo ENOTFOUND redis","timestamp":"2026-07-27T10:17:36.439Z"}
{"level":"warn","message":"Redis connection closed","timestamp":"2026-07-27T10:17:36.439Z"}
{"level":"error","message":"Redis error: getaddrinfo ENOTFOUND redis","timestamp":"2026-07-27T10:17:40.706Z"}
{"level":"warn","message":"Redis connection closed","timestamp":"2026-07-27T10:17:40.707Z"}
{"level":"error","message":"Redis error: getaddrinfo ENOTFOUND redis","timestamp":"2026-07-27T10:17:45.405Z"}
{"level":"warn","message":"Redis connection closed","timestamp":"2026-07-27T10:17:45.406Z"}
{"level":"error","message":"Redis error: getaddrinfo ENOTFOUND redis","timestamp":"2026-07-27T10:17:49.674Z"}
{"level":"warn","message":"Redis connection closed","timestamp":"2026-07-27T10:17:49.674Z"}
{"level":"error","message":"Redis error: getaddrinfo ENOTFOUND redis","timestamp":"2026-07-27T10:17:54.373Z"}
{"level":"warn","message":"Redis connection closed","timestamp":"2026-07-27T10:17:54.374Z"}
{"level":"error","message":"Redis error: getaddrinfo ENOTFOUND redis","timestamp":"2026-07-27T10:17:58.670Z"}
{"level":"warn","message":"Redis connection closed","timestamp":"2026-07-27T10:17:58.671Z"}
{"level":"error","message":"Redis error: getaddrinfo ENOTFOUND redis","timestamp":"2026-07-27T10:18:03.354Z"}
{"level":"warn","message":"Redis connection closed","timestamp":"2026-07-27T10:18:03.355Z"}
{"level":"error","message":"Redis error: getaddrinfo ENOTFOUND redis","timestamp":"2026-07-27T10:18:07.638Z"}
{"level":"warn","message":"Redis connection closed","timestamp":"2026-07-27T10:18:07.638Z"}
{"level":"error","message":"Redis error: getaddrinfo ENOTFOUND redis","timestamp":"2026-07-27T10:18:12.338Z"}
{"level":"warn","message":"Redis connection closed","timestamp":"2026-07-27T10:18:12.339Z"}
{"level":"error","message":"Redis error: getaddrinfo ENOTFOUND redis","timestamp":"2026-07-27T10:18:16.623Z"}
{"level":"warn","message":"Redis connection closed","timestamp":"2026-07-27T10:18:16.623Z"}
{"level":"error","message":"Redis error: getaddrinfo ENOTFOUND redis","timestamp":"2026-07-27T10:18:21.307Z"}
{"level":"warn","message":"Redis connection closed","timestamp":"2026-07-27T10:18:21.307Z"}
{"level":"error","message":"Redis error: getaddrinfo ENOTFOUND redis","timestamp":"2026-07-27T10:18:25.587Z"}
{"level":"warn","message":"Redis connection closed","timestamp":"2026-07-27T10:18:25.588Z"}
{"level":"error","message":"Redis error: getaddrinfo ENOTFOUND redis","timestamp":"2026-07-27T10:18:30.286Z"}
{"level":"warn","message":"Redis connection closed","timestamp":"2026-07-27T10:18:30.286Z"}
{"level":"error","message":"Redis error: getaddrinfo ENOTFOUND redis","timestamp":"2026-07-27T10:18:34.554Z"}
{"level":"warn","message":"Redis connection closed","timestamp":"2026-07-27T10:18:34.554Z"}
{"level":"error","message":"Redis error: getaddrinfo ENOTFOUND redis","timestamp":"2026-07-27T10:18:38.838Z"}
{"level":"warn","message":"Redis connection closed","timestamp":"2026-07-27T10:18:38.838Z"}
{"level":"error","message":"Redis error: getaddrinfo ENOTFOUND redis","timestamp":"2026-07-27T10:18:43.537Z"}
{"level":"warn","message":"Redis connection closed","timestamp":"2026-07-27T10:18:43.537Z"}
{"level":"error","message":"Redis error: getaddrinfo ENOTFOUND redis","timestamp":"2026-07-27T10:18:47.812Z"}
{"level":"warn","message":"Redis connection closed","timestamp":"2026-07-27T10:18:47.813Z"}
{"level":"error","message":"Redis error: getaddrinfo ENOTFOUND redis","timestamp":"2026-07-27T10:18:52.486Z"}
{"level":"warn","message":"Redis connection closed","timestamp":"2026-07-27T10:18:52.487Z"}
{"level":"error","message":"Redis error: getaddrinfo ENOTFOUND redis","timestamp":"2026-07-27T10:18:56.769Z"}
{"level":"warn","message":"Redis connection closed","timestamp":"2026-07-27T10:18:56.770Z"}
{"level":"error","message":"Redis error: getaddrinfo ENOTFOUND redis","timestamp":"2026-07-27T10:19:01.453Z"}
{"level":"warn","message":"Redis connection closed","timestamp":"2026-07-27T10:19:01.454Z"}
{"level":"error","message":"Redis error: getaddrinfo ENOTFOUND redis","timestamp":"2026-07-27T10:19:05.736Z"}
{"level":"warn","message":"Redis connection closed","timestamp":"2026-07-27T10:19:05.737Z"}
{"level":"error","message":"Redis error: getaddrinfo ENOTFOUND redis","timestamp":"2026-07-27T10:19:10.421Z"}
{"level":"warn","message":"Redis connection closed","timestamp":"2026-07-27T10:19:10.421Z"}
{"level":"error","message":"Redis error: getaddrinfo ENOTFOUND redis","timestamp":"2026-07-27T10:19:14.703Z"}
{"level":"warn","message":"Redis connection closed","timestamp":"2026-07-27T10:19:14.704Z"}
{"level":"info","message":"API listening on http://0.0.0.0:5000 (env=development)","timestamp":"2026-07-27T10:20:00.388Z"}
{"level":"info","message":"Swagger UI:      http://0.0.0.0:5000/api/docs","timestamp":"2026-07-27T10:20:00.391Z"}
{"level":"info","message":"GET /api/v1/health 200 7ms ip=127.0.0.1 user=anon","timestamp":"2026-07-27T10:20:41.499Z"}
{"level":"info","message":"Seeded default super admin user: superadmin@portal.com","timestamp":"2026-07-27T10:22:46.544Z"}
{"level":"info","message":"API listening on http://0.0.0.0:5000 (env=development)","timestamp":"2026-07-27T10:22:46.550Z"}
{"level":"info","message":"Swagger UI:      http://0.0.0.0:5000/api/docs","timestamp":"2026-07-27T10:22:46.551Z"}
{"level":"error","message":"Uncaught Exception: Error: listen EADDRINUSE: address already in use 0.0.0.0:5000\n    at Server.setupListenHandle [as _listen2] (node:net:1907:16)\n    at listenInCluster (node:net:1964:12)\n    at node:net:2170:7\n    at process.processTicksAndRejections (node:internal/process/task_queues:90:21)","timestamp":"2026-07-27T10:23:08.927Z"}
{"level":"info","message":"Received uncaughtException. Shutting down gracefully...","timestamp":"2026-07-27T10:23:08.930Z"}
{"level":"error","message":"Uncaught Exception: Error: listen EADDRINUSE: address already in use 0.0.0.0:5000\n    at Server.setupListenHandle [as _listen2] (node:net:1907:16)\n    at listenInCluster (node:net:1964:12)\n    at node:net:2170:7\n    at process.processTicksAndRejections (node:internal/process/task_queues:90:21)","timestamp":"2026-07-27T10:23:39.354Z"}
{"level":"info","message":"Received uncaughtException. Shutting down gracefully...","timestamp":"2026-07-27T10:23:39.357Z"}
{"level":"info","message":"API listening on http://0.0.0.0:5000 (env=development)","timestamp":"2026-07-27T10:24:00.005Z"}
{"level":"info","message":"Swagger UI:      http://0.0.0.0:5000/api/docs","timestamp":"2026-07-27T10:24:00.008Z"}
{"level":"error","message":"Uncaught Exception: Error: listen EADDRINUSE: address already in use 0.0.0.0:5000\n    at Server.setupListenHandle [as _listen2] (node:net:1907:16)\n    at listenInCluster (node:net:1964:12)\n    at node:net:2170:7\n    at process.processTicksAndRejections (node:internal/process/task_queues:90:21)","timestamp":"2026-07-27T10:24:20.515Z"}
{"level":"info","message":"Received uncaughtException. Shutting down gracefully...","timestamp":"2026-07-27T10:24:20.518Z"}
{"level":"error","message":"Uncaught Exception: Error: listen EADDRINUSE: address already in use 0.0.0.0:5000\n    at Server.setupListenHandle [as _listen2] (node:net:1907:16)\n    at listenInCluster (node:net:1964:12)\n    at node:net:2170:7\n    at process.processTicksAndRejections (node:internal/process/task_queues:90:21)","timestamp":"2026-07-27T10:24:49.233Z"}
{"level":"info","message":"Received uncaughtException. Shutting down gracefully...","timestamp":"2026-07-27T10:24:49.236Z"}
{"level":"error","message":"Unhandled error: PrismaClientKnownRequestError: \nInvalid `prisma.refreshToken.create()` invocation in\nC:\\Users\\Roshan Verma\\Desktop\\HireAssess\\backend\\src\\modules\\auth\\auth.repository.js:32:58\n\n  29 const updateLastLogin = (id) =>\n  30   prisma.user.update({ where: { id }, data: { lastLoginAt: new Date() } });\n  31 \n→ 32 const createRefreshToken = (data) => prisma.refreshToken.create(\nThe provided value for the column is too long for the column's type. Column: (not available)\n    at ei.handleRequestError (C:\\Users\\Roshan Verma\\Desktop\\HireAssess\\backend\\node_modules\\@prisma\\client\\src\\runtime\\RequestHandler.ts:228:13)\n    at ei.handleAndLogRequestError (C:\\Users\\Roshan Verma\\Desktop\\HireAssess\\backend\\node_modules\\@prisma\\client\\src\\runtime\\RequestHandler.ts:174:12)\n    at ei.request (C:\\Users\\Roshan Verma\\Desktop\\HireAssess\\backend\\node_modules\\@prisma\\client\\src\\runtime\\RequestHandler.ts:143:12)\n    at async a (C:\\Users\\Roshan Verma\\Desktop\\HireAssess\\backend\\node_modules\\@prisma\\client\\src\\runtime\\getPrismaClient.ts:833:24)\n    at async issueTokenPair (C:\\Users\\Roshan Verma\\Desktop\\HireAssess\\backend\\src\\modules\\auth\\auth.service.js:63:18)\n    at async Object.login (C:\\Users\\Roshan Verma\\Desktop\\HireAssess\\backend\\src\\modules\\auth\\auth.service.js:93:18)\n    at async C:\\Users\\Roshan Verma\\Desktop\\HireAssess\\backend\\src\\modules\\auth\\auth.controller.js:10:18\n    at async C:\\Users\\Roshan Verma\\Desktop\\HireAssess\\backend\\src\\utils\\asyncHandler.js:7:13","timestamp":"2026-07-27T10:25:28.142Z"}
{"level":"info","message":"POST /api/v1/auth/login 500 106ms ip=127.0.0.1 user=anon","timestamp":"2026-07-27T10:25:28.146Z"}
{"level":"error","message":"Uncaught Exception: Error: listen EADDRINUSE: address already in use 0.0.0.0:5000\n    at Server.setupListenHandle [as _listen2] (node:net:1907:16)\n    at listenInCluster (node:net:1964:12)\n    at node:net:2170:7\n    at process.processTicksAndRejections (node:internal/process/task_queues:90:21)","timestamp":"2026-07-27T10:26:07.229Z"}
{"level":"info","message":"Received uncaughtException. Shutting down gracefully...","timestamp":"2026-07-27T10:26:07.232Z"}
{"level":"error","message":"Unhandled error: PrismaClientKnownRequestError: \nInvalid `prisma.refreshToken.create()` invocation in\nC:\\Users\\Roshan Verma\\Desktop\\HireAssess\\backend\\src\\modules\\auth\\auth.repository.js:32:58\n\n  29 const updateLastLogin = (id) =>\n  30   prisma.user.update({ where: { id }, data: { lastLoginAt: new Date() } });\n  31 \n→ 32 const createRefreshToken = (data) => prisma.refreshToken.create(\nThe provided value for the column is too long for the column's type. Column: (not available)\n    at ei.handleRequestError (C:\\Users\\Roshan Verma\\Desktop\\HireAssess\\backend\\node_modules\\@prisma\\client\\src\\runtime\\RequestHandler.ts:228:13)\n    at ei.handleAndLogRequestError (C:\\Users\\Roshan Verma\\Desktop\\HireAssess\\backend\\node_modules\\@prisma\\client\\src\\runtime\\RequestHandler.ts:174:12)\n    at ei.request (C:\\Users\\Roshan Verma\\Desktop\\HireAssess\\backend\\node_modules\\@prisma\\client\\src\\runtime\\RequestHandler.ts:143:12)\n    at async a (C:\\Users\\Roshan Verma\\Desktop\\HireAssess\\backend\\node_modules\\@prisma\\client\\src\\runtime\\getPrismaClient.ts:833:24)\n    at async issueTokenPair (C:\\Users\\Roshan Verma\\Desktop\\HireAssess\\backend\\src\\modules\\auth\\auth.service.js:63:18)\n    at async Object.login (C:\\Users\\Roshan Verma\\Desktop\\HireAssess\\backend\\src\\modules\\auth\\auth.service.js:93:18)\n    at async C:\\Users\\Roshan Verma\\Desktop\\HireAssess\\backend\\src\\modules\\auth\\auth.controller.js:10:18\n    at async C:\\Users\\Roshan Verma\\Desktop\\HireAssess\\backend\\src\\utils\\asyncHandler.js:7:13","timestamp":"2026-07-27T10:26:21.406Z"}
{"level":"info","message":"POST /api/v1/auth/login 500 68ms ip=127.0.0.1 user=anon","timestamp":"2026-07-27T10:26:21.407Z"}
{"level":"error","message":"Uncaught Exception: Error: listen EADDRINUSE: address already in use 0.0.0.0:5000\n    at Server.setupListenHandle [as _listen2] (node:net:1907:16)\n    at listenInCluster (node:net:1964:12)\n    at node:net:2170:7\n    at process.processTicksAndRejections (node:internal/process/task_queues:90:21)","timestamp":"2026-07-27T10:26:33.334Z"}
{"level":"info","message":"Received uncaughtException. Shutting down gracefully...","timestamp":"2026-07-27T10:26:33.337Z"}
{"level":"info","message":"API listening on http://0.0.0.0:5000 (env=development)","timestamp":"2026-07-27T10:26:52.400Z"}
{"level":"info","message":"Swagger UI:      http://0.0.0.0:5000/api/docs","timestamp":"2026-07-27T10:26:52.403Z"}
{"level":"info","message":"API listening on http://0.0.0.0:5000 (env=development)","timestamp":"2026-07-27T10:36:39.546Z"}
{"level":"info","message":"Swagger UI:      http://0.0.0.0:5000/api/docs","timestamp":"2026-07-27T10:36:39.548Z"}
{"level":"info","message":"GET /api/v1/health 200 5ms ip=127.0.0.1 user=anon","timestamp":"2026-07-27T10:37:07.251Z"}
{"level":"info","message":"POST /api/auth/login 500 2ms ip=127.0.0.1 user=anon","timestamp":"2026-07-27T10:43:57.850Z"}
{"level":"info","message":"POST /api/v1/auth/login 500 6ms ip=127.0.0.1 user=anon","timestamp":"2026-07-27T10:44:21.748Z"}
{"level":"error","message":"Unhandled error: PrismaClientKnownRequestError: \nInvalid `prisma.refreshToken.create()` invocation in\nC:\\Users\\Roshan Verma\\Desktop\\HireAssess\\backend\\src\\modules\\auth\\auth.repository.js:32:58\n\n  29 const updateLastLogin = (id) =>\n  30   prisma.user.update({ where: { id }, data: { lastLoginAt: new Date() } });\n  31 \n→ 32 const createRefreshToken = (data) => prisma.refreshToken.create(\nThe provided value for the column is too long for the column's type. Column: (not available)\n    at ei.handleRequestError (C:\\Users\\Roshan Verma\\Desktop\\HireAssess\\backend\\node_modules\\@prisma\\client\\src\\runtime\\RequestHandler.ts:228:13)\n    at ei.handleAndLogRequestError (C:\\Users\\Roshan Verma\\Desktop\\HireAssess\\backend\\node_modules\\@prisma\\client\\src\\runtime\\RequestHandler.ts:174:12)\n    at ei.request (C:\\Users\\Roshan Verma\\Desktop\\HireAssess\\backend\\node_modules\\@prisma\\client\\src\\runtime\\RequestHandler.ts:143:12)\n    at async a (C:\\Users\\Roshan Verma\\Desktop\\HireAssess\\backend\\node_modules\\@prisma\\client\\src\\runtime\\getPrismaClient.ts:833:24)\n    at async issueTokenPair (C:\\Users\\Roshan Verma\\Desktop\\HireAssess\\backend\\src\\modules\\auth\\auth.service.js:63:18)\n    at async Object.login (C:\\Users\\Roshan Verma\\Desktop\\HireAssess\\backend\\src\\modules\\auth\\auth.service.js:93:18)\n    at async C:\\Users\\Roshan Verma\\Desktop\\HireAssess\\backend\\src\\modules\\auth\\auth.controller.js:10:18\n    at async C:\\Users\\Roshan Verma\\Desktop\\HireAssess\\backend\\src\\utils\\asyncHandler.js:7:13","timestamp":"2026-07-27T11:09:29.991Z"}
{"level":"info","message":"POST /api/v1/auth/login 500 167ms ip=127.0.0.1 user=anon","timestamp":"2026-07-27T11:09:29.993Z"}
{"level":"info","message":"API listening on http://0.0.0.0:5000 (env=development)","timestamp":"2026-07-27T11:19:40.669Z"}
{"level":"info","message":"Swagger UI:      http://0.0.0.0:5000/api/docs","timestamp":"2026-07-27T11:19:40.671Z"}
{"level":"info","message":"POST /api/v1/auth/login 200 105ms ip=127.0.0.1 user=anon","timestamp":"2026-07-27T11:19:47.051Z"}
{"level":"info","message":"POST /api/v1/auth/login 200 107ms ip=127.0.0.1 user=anon","timestamp":"2026-07-27T11:29:36.085Z"}
{"level":"info","message":"POST /api/v1/auth/login 200 108ms ip=127.0.0.1 user=anon","timestamp":"2026-07-27T11:34:48.807Z"}
{"level":"info","message":"POST /api/v1/auth/login 200 65ms ip=127.0.0.1 user=anon","timestamp":"2026-07-27T11:34:50.773Z"}
{"level":"info","message":"POST /api/v1/auth/login 200 110ms ip=127.0.0.1 user=anon","timestamp":"2026-07-27T11:57:40.955Z"}
{"level":"info","message":"POST /api/v1/auth/login 500 18ms ip=127.0.0.1 user=anon","timestamp":"2026-07-27T11:58:09.795Z"}
{"level":"info","message":"POST /api/v1/auth/login 200 65ms ip=127.0.0.1 user=anon","timestamp":"2026-07-27T11:58:17.091Z"}
{"level":"info","message":"POST /api/v1/auth/login 200 65ms ip=127.0.0.1 user=anon","timestamp":"2026-07-27T11:58:39.186Z"}
{"level":"info","message":"POST /api/v1/auth/login 200 105ms ip=127.0.0.1 user=anon","timestamp":"2026-07-27T12:04:44.155Z"}
{"level":"info","message":"POST /api/v1/auth/login 200 82ms ip=127.0.0.1 user=anon","timestamp":"2026-07-27T12:09:09.169Z"}
{"level":"info","message":"POST /api/v1/auth/login 200 67ms ip=127.0.0.1 user=anon","timestamp":"2026-07-27T12:09:26.724Z"}
{"level":"info","message":"POST /api/v1/auth/login 200 69ms ip=127.0.0.1 user=anon","timestamp":"2026-07-27T12:09:38.022Z"}
{"level":"info","message":"POST /api/v1/auth/login 200 237ms ip=127.0.0.1 user=anon","timestamp":"2026-07-27T12:10:36.358Z"}
{"level":"info","message":"POST /api/v1/auth/login 200 134ms ip=127.0.0.1 user=anon","timestamp":"2026-07-27T12:10:37.570Z"}
{"level":"info","message":"POST /api/v1/auth/login 200 154ms ip=127.0.0.1 user=anon","timestamp":"2026-07-27T12:11:25.648Z"}
{"level":"info","message":"POST /api/v1/auth/login 200 150ms ip=127.0.0.1 user=anon","timestamp":"2026-07-27T12:11:29.560Z"}
{"level":"info","message":"POST /api/v1/auth/login 200 108ms ip=127.0.0.1 user=anon","timestamp":"2026-07-27T12:11:55.687Z"}
{"level":"info","message":"POST /api/v1/auth/login 200 147ms ip=127.0.0.1 user=anon","timestamp":"2026-07-27T12:12:10.895Z"}
{"level":"info","message":"POST /api/v1/auth/login 200 86ms ip=127.0.0.1 user=anon","timestamp":"2026-07-27T12:12:52.145Z"}
{"level":"info","message":"POST /api/v1/auth/login 200 148ms ip=127.0.0.1 user=anon","timestamp":"2026-07-27T12:15:35.645Z"}
{"level":"info","message":"POST /api/v1/auth/login 200 335ms ip=127.0.0.1 user=anon","timestamp":"2026-07-27T12:16:53.005Z"}
{"level":"info","message":"POST /api/v1/auth/login 200 158ms ip=127.0.0.1 user=anon","timestamp":"2026-07-27T12:16:57.408Z"}
{"level":"info","message":"POST /api/v1/auth/login 200 144ms ip=127.0.0.1 user=anon","timestamp":"2026-07-27T12:16:58.782Z"}
{"level":"info","message":"GET /api/v1/auth/me 500 54ms ip=127.0.0.1 user=anon","timestamp":"2026-07-27T12:19:31.508Z"}
{"level":"info","message":"GET /api/v1/auth/me 200 51ms ip=127.0.0.1 user=84c9336a-0aab-47a1-b946-d23335f4fad9","timestamp":"2026-07-27T12:19:55.911Z"}
{"level":"info","message":"POST /api/v1/auth/login 200 225ms ip=127.0.0.1 user=anon","timestamp":"2026-07-27T12:22:51.276Z"}
{"level":"info","message":"POST /api/v1/auth/login 200 148ms ip=127.0.0.1 user=anon","timestamp":"2026-07-27T12:22:54.436Z"}
{"level":"info","message":"Received SIGINT. Shutting down gracefully...","timestamp":"2026-07-27T12:32:31.201Z"}
{"level":"info","message":"API listening on http://0.0.0.0:5000 (env=development)","timestamp":"2026-07-27T12:33:02.575Z"}
{"level":"info","message":"Swagger UI:      http://0.0.0.0:5000/api/docs","timestamp":"2026-07-27T12:33:02.580Z"}
{"level":"info","message":"POST /api/v1/auth/login 200 172ms ip=127.0.0.1 user=anon","timestamp":"2026-07-27T12:34:18.948Z"}
{"level":"info","message":"POST /api/v1/auth/login 200 152ms ip=127.0.0.1 user=anon","timestamp":"2026-07-27T12:35:05.390Z"}
{"level":"info","message":"POST /api/v1/auth/login 200 154ms ip=127.0.0.1 user=anon","timestamp":"2026-07-27T12:35:55.825Z"}
{"level":"info","message":"POST /api/v1/auth/login 200 232ms ip=127.0.0.1 user=anon","timestamp":"2026-07-27T12:40:18.954Z"}
{"level":"info","message":"POST /api/v1/auth/login 200 158ms ip=127.0.0.1 user=anon","timestamp":"2026-07-27T12:40:25.680Z"}
{"level":"info","message":"POST /api/v1/auth/login 200 242ms ip=127.0.0.1 user=anon","timestamp":"2026-07-27T12:45:59.471Z"}
{"level":"info","message":"POST /api/v1/auth/logout 200 50ms ip=127.0.0.1 user=anon","timestamp":"2026-07-27T12:47:05.657Z"}
{"level":"info","message":"POST /api/v1/auth/login 200 134ms ip=127.0.0.1 user=anon","timestamp":"2026-07-27T12:47:07.793Z"}
{"level":"info","message":"GET / 200 2ms ip=127.0.0.1 user=anon","timestamp":"2026-07-27T13:12:14.763Z"}
{"level":"info","message":"POST /api/v1/auth/login 200 224ms ip=127.0.0.1 user=anon","timestamp":"2026-07-27T13:14:49.410Z"}
{"level":"info","message":"GET /api/v1/auth/permissions 500 8ms ip=127.0.0.1 user=anon","timestamp":"2026-07-27T14:09:16.030Z"}
{"level":"info","message":"GET /api/v1/auth/permission 500 3ms ip=127.0.0.1 user=anon","timestamp":"2026-07-27T14:09:27.883Z"}
{"level":"info","message":"GET /api/v1/auth/permissions?grouped=true 500 2ms ip=127.0.0.1 user=anon","timestamp":"2026-07-27T14:11:30.802Z"}
{"level":"info","message":"POST /api/v1/auth/login 200 257ms ip=127.0.0.1 user=anon","timestamp":"2026-07-27T14:11:55.467Z"}
{"level":"info","message":"GET /api/v1/auth/permissions?grouped=true 500 1ms ip=127.0.0.1 user=anon","timestamp":"2026-07-27T14:12:12.424Z"}
{"level":"error","message":"Unhandled error: TypeError: repo.listPermissions is not a function\n    at Object.list (C:\\Users\\Roshan Verma\\Desktop\\HireAssess\\backend\\src\\modules\\permission\\permission.service.js:15:28)\n    at C:\\Users\\Roshan Verma\\Desktop\\HireAssess\\backend\\src\\modules\\permission\\permission.control.js:9:30\n    at C:\\Users\\Roshan Verma\\Desktop\\HireAssess\\backend\\src\\utils\\asyncHandler.js:7:19\n    at Layer.handle [as handle_request] (C:\\Users\\Roshan Verma\\Desktop\\HireAssess\\backend\\node_modules\\express\\lib\\router\\layer.js:95:5)\n    at next (C:\\Users\\Roshan Verma\\Desktop\\HireAssess\\backend\\node_modules\\express\\lib\\router\\route.js:149:13)\n    at C:\\Users\\Roshan Verma\\Desktop\\HireAssess\\backend\\src\\middleware\\authorize.middleware.js:15:45\n    at Layer.handle [as handle_request] (C:\\Users\\Roshan Verma\\Desktop\\HireAssess\\backend\\node_modules\\express\\lib\\router\\layer.js:95:5)\n    at next (C:\\Users\\Roshan Verma\\Desktop\\HireAssess\\backend\\node_modules\\express\\lib\\router\\route.js:149:13)\n    at authenticate (C:\\Users\\Roshan Verma\\Desktop\\HireAssess\\backend\\src\\middleware\\auth.middleware.js:77:12)","timestamp":"2026-07-27T14:12:32.437Z"}
{"level":"info","message":"GET /api/v1/permissions?grouped=true 500 57ms ip=127.0.0.1 user=84c9336a-0aab-47a1-b946-d23335f4fad9","timestamp":"2026-07-27T14:12:32.439Z"}
{"level":"info","message":"API listening on http://0.0.0.0:5000 (env=development)","timestamp":"2026-07-27T14:14:22.736Z"}
{"level":"info","message":"Swagger UI:      http://0.0.0.0:5000/api/docs","timestamp":"2026-07-27T14:14:22.741Z"}
{"level":"info","message":"GET /api/v1/permissions?grouped=true 200 61ms ip=127.0.0.1 user=84c9336a-0aab-47a1-b946-d23335f4fad9","timestamp":"2026-07-27T14:14:29.944Z"}
{"level":"info","message":"GET /api/v1/users 500 3ms ip=127.0.0.1 user=anon","timestamp":"2026-07-27T14:26:18.059Z"}
{"level":"error","message":"Unhandled error: TypeError: parsePagination is not a function\n    at C:\\Users\\Roshan Verma\\Desktop\\HireAssess\\backend\\src\\modules\\user\\user.controller.js:21:22\n    at C:\\Users\\Roshan Verma\\Desktop\\HireAssess\\backend\\src\\utils\\asyncHandler.js:7:19\n    at Layer.handle [as handle_request] (C:\\Users\\Roshan Verma\\Desktop\\HireAssess\\backend\\node_modules\\express\\lib\\router\\layer.js:95:5)\n    at next (C:\\Users\\Roshan Verma\\Desktop\\HireAssess\\backend\\node_modules\\express\\lib\\router\\route.js:149:13)\n    at C:\\Users\\Roshan Verma\\Desktop\\HireAssess\\backend\\src\\middleware\\validate.middleware.js:23:12\n    at process.processTicksAndRejections (node:internal/process/task_queues:105:5)","timestamp":"2026-07-27T14:26:43.487Z"}
{"level":"info","message":"GET /api/v1/users 500 12ms ip=127.0.0.1 user=84c9336a-0aab-47a1-b946-d23335f4fad9","timestamp":"2026-07-27T14:26:43.489Z"}
{"level":"info","message":"POST /api/v1/auth/login 200 219ms ip=127.0.0.1 user=anon","timestamp":"2026-07-27T14:26:54.971Z"}
{"level":"error","message":"Unhandled error: TypeError: parsePagination is not a function\n    at C:\\Users\\Roshan Verma\\Desktop\\HireAssess\\backend\\src\\modules\\user\\user.controller.js:21:22\n    at C:\\Users\\Roshan Verma\\Desktop\\HireAssess\\backend\\src\\utils\\asyncHandler.js:7:19\n    at Layer.handle [as handle_request] (C:\\Users\\Roshan Verma\\Desktop\\HireAssess\\backend\\node_modules\\express\\lib\\router\\layer.js:95:5)\n    at next (C:\\Users\\Roshan Verma\\Desktop\\HireAssess\\backend\\node_modules\\express\\lib\\router\\route.js:149:13)\n    at C:\\Users\\Roshan Verma\\Desktop\\HireAssess\\backend\\src\\middleware\\validate.middleware.js:23:12\n    at process.processTicksAndRejections (node:internal/process/task_queues:105:5)","timestamp":"2026-07-27T14:27:18.175Z"}
{"level":"info","message":"GET /api/v1/users 500 7ms ip=127.0.0.1 user=84c9336a-0aab-47a1-b946-d23335f4fad9","timestamp":"2026-07-27T14:27:18.178Z"}
{"level":"error","message":"Unhandled error: TypeError: parsePagination is not a function\n    at C:\\Users\\Roshan Verma\\Desktop\\HireAssess\\backend\\src\\modules\\user\\user.controller.js:21:22\n    at C:\\Users\\Roshan Verma\\Desktop\\HireAssess\\backend\\src\\utils\\asyncHandler.js:7:19\n    at Layer.handle [as handle_request] (C:\\Users\\Roshan Verma\\Desktop\\HireAssess\\backend\\node_modules\\express\\lib\\router\\layer.js:95:5)\n    at next (C:\\Users\\Roshan Verma\\Desktop\\HireAssess\\backend\\node_modules\\express\\lib\\router\\route.js:149:13)\n    at C:\\Users\\Roshan Verma\\Desktop\\HireAssess\\backend\\src\\middleware\\validate.middleware.js:23:12\n    at process.processTicksAndRejections (node:internal/process/task_queues:105:5)","timestamp":"2026-07-27T14:31:32.950Z"}
{"level":"info","message":"GET /api/v1/users 500 6ms ip=127.0.0.1 user=84c9336a-0aab-47a1-b946-d23335f4fad9","timestamp":"2026-07-27T14:31:32.952Z"}
{"level":"info","message":"POST /api/v1/auth/logout 200 73ms ip=127.0.0.1 user=anon","timestamp":"2026-07-27T14:48:57.647Z"}
{"level":"info","message":"POST /api/v1/auth/login 200 166ms ip=127.0.0.1 user=anon","timestamp":"2026-07-27T14:48:59.103Z"}
{"level":"info","message":"POST /api/v1/auth/login 200 147ms ip=127.0.0.1 user=anon","timestamp":"2026-07-27T14:48:59.310Z"}
{"level":"info","message":"POST /api/v1/auth/login 200 243ms ip=127.0.0.1 user=anon","timestamp":"2026-07-27T15:45:30.844Z"}
{"level":"info","message":"POST /api/v1/auth/login 200 159ms ip=127.0.0.1 user=anon","timestamp":"2026-07-27T15:48:56.348Z"}
{"level":"info","message":"POST /api/v1/auth/login 200 156ms ip=127.0.0.1 user=anon","timestamp":"2026-07-27T15:49:22.600Z"}
{"level":"info","message":"POST /api/v1/auth/logout 200 140ms ip=127.0.0.1 user=anon","timestamp":"2026-07-27T16:05:50.795Z"}
{"level":"info","message":"POST /api/v1/auth/login 200 207ms ip=127.0.0.1 user=anon","timestamp":"2026-07-27T16:05:52.998Z"}
{"level":"info","message":"POST /api/v1/auth/login 200 125ms ip=127.0.0.1 user=anon","timestamp":"2026-07-27T17:36:47.211Z"}
{"level":"info","message":"Received SIGINT. Shutting down gracefully...","timestamp":"2026-07-27T17:45:10.598Z"}
{"level":"info","message":"API listening on http://0.0.0.0:5000 (env=development)","timestamp":"2026-07-27T17:45:52.456Z"}
{"level":"info","message":"Swagger UI:      http://0.0.0.0:5000/api/docs","timestamp":"2026-07-27T17:45:52.459Z"}
{"level":"info","message":"POST /api/v1/auth/login 200 92ms ip=127.0.0.1 user=anon","timestamp":"2026-07-27T17:46:11.805Z"}
{"level":"info","message":"POST /api/v1/auth/login 200 106ms ip=127.0.0.1 user=anon","timestamp":"2026-07-27T18:01:41.463Z"}
{"level":"info","message":"GET /api/v1/auth/me 200 14ms ip=127.0.0.1 user=84c9336a-0aab-47a1-b946-d23335f4fad9","timestamp":"2026-07-27T18:01:42.064Z"}
{"level":"info","message":"GET /api/v1/auth/me 304 6ms ip=127.0.0.1 user=84c9336a-0aab-47a1-b946-d23335f4fad9","timestamp":"2026-07-27T18:01:42.071Z"}
{"level":"info","message":"GET /api/v1/auth/refresh 500 3ms ip=127.0.0.1 user=anon","timestamp":"2026-07-27T18:17:21.489Z"}
{"level":"info","message":"POST /api/v1/auth/refresh 500 5ms ip=127.0.0.1 user=anon","timestamp":"2026-07-27T18:17:27.573Z"}
{"level":"info","message":"POST /api/v1/auth/login 200 230ms ip=127.0.0.1 user=anon","timestamp":"2026-07-27T18:17:39.934Z"}
{"level":"info","message":"POST /api/v1/auth/refresh 500 2ms ip=127.0.0.1 user=anon","timestamp":"2026-07-27T18:18:08.935Z"}
{"level":"info","message":"POST /api/v1/auth/refresh 500 2ms ip=127.0.0.1 user=anon","timestamp":"2026-07-27T18:18:49.144Z"}
{"level":"info","message":"GET /api/v1/auth/refresh 500 2ms ip=127.0.0.1 user=anon","timestamp":"2026-07-27T18:18:54.135Z"}
{"level":"info","message":"POST /api/v1/auth/refresh 500 2ms ip=127.0.0.1 user=anon","timestamp":"2026-07-27T18:18:59.714Z"}
